n_robots,mode,variant,ssp_ms,iterq,cpu_limit,container,cpu_percent_mean,cpu_percent_std,mem_mb_mean,mem_mb_std,blk_read_mb_mean,blk_read_mb_std,blk_write_mb_mean,blk_write_mb_std,net_rx_mb_mean,net_rx_mb_std,net_tx_mb_mean,net_tx_mb_std
4,continuous,lv,,,,secaas,5.453927229108357,0.16204601019948173,62.66660842329735,0.12346304837482681,0.0,0.0,1.2124,0.00371483512420138,0.3976,0.0011401754250991692,0.5518000000000001,0.0010954451150103637
8,continuous,lv,,,,robot1-sidecar,2.1600130063677008,0.07336059447414342,71.77129901097412,5.9958576043911345,0.0,0.0,0.4772,0.1467811295773403,1.3960000000000001,0.036421147702948534,1.1036000000000001,0.05862422707379609
8,continuous,lv,,,,robot2-sidecar,2.212501422571467,0.04698412558003935,66.94087156211896,1.8427707177556958,0.0,0.0,0.3316,0.03326860381801436,1.4122,0.054029621505244735,1.1296,0.084760250117611
8,continuous,lv,,,,robot3-sidecar,2.17138348274735,0.035660058788978044,70.0848748774338,5.968630935958123,0.0,0.0,0.4532,0.11506606797835756,1.3753999999999997,0.025145576151681535,1.076,0.04197618372363066
8,continuous,lv,,,,robot4-sidecar,2.176384124760704,0.02591582610009256,66.80873254190597,2.0039293549639257,0.0,0.0,0.3186,0.0338865755130258,1.4100000000000001,0.03333916615633933,1.1286,0.056879697608197756
8,continuous,lv,,,,robot5-sidecar,2.1951133608815425,0.07085958518095928,70.20281652892562,4.109846714432066,0.0,0.0,0.3782,0.07367971226871074,1.3936,0.057604687309280624,1.1038000000000001,0.092583475847475
8,continuous,lv,,,,robot6-sidecar,2.2198914600550963,0.04573297700336088,68.65601308539945,3.8751596782424764,0.0,0.0,0.3188,0.040561065074773424,1.409,0.04057708713054707,1.127,0.06759067983087609
8,continuous,lv,,,,robot7-sidecar,2.205196705887846,0.07040248140031152,68.42597091796236,4.1961543242535395,0.0,0.0,0.31779999999999997,0.03247614509143596,1.4114,0.034026460291955093,1.1300000000000001,0.05752825392796118
8,continuous,lv,,,,robot8-sidecar,2.1913820446374372,0.038734402467408044,66.90084483354345,1.8238191120850882,0.0,0.0,0.32720000000000005,0.02921814504721337,1.4076,0.030038308873836402,1.124,0.051705899083180074
8,continuous,lv,,,,secaas,6.402780487804878,0.177761744724507,62.83538211382114,0.18108577973048195,0.0,0.0,2.6282,0.007155417527999309,0.5820000000000001,0.0007071067811865318,0.7652,0.0008366600265340713
16,continuous,lv,,,,robot1-sidecar,2.211038095238095,0.04055822429326934,65.22222535014006,4.332065605447451,0.0,0.0,0.3694,0.08370663056174224,1.5997999999999997,0.01636154026979098,1.1776,0.020887795479657512
16,continuous,lv,,,,robot10-sidecar,2.207199719887955,0.03953399993288814,63.80093361344539,4.049530052363709,0.0,0.0,0.33819999999999995,0.08691777723803114,1.5878,0.008105553651663919,1.1631999999999998,0.015959323293924375
16,continuous,lv,,,,robot11-sidecar,2.1864349415628324,0.06523353214633498,65.86424752245726,3.651256321441548,0.0,0.0,0.30700000000000005,0.02062765134473631,1.5869999999999997,0.014882876066136993,1.1640000000000001,0.02418677324489561
16,continuous,lv,,,,robot12-sidecar,2.2142666666666666,0.05217037393642746,64.1215,4.010898121316889,0.0,0.0,0.3064,0.021302582003128227,1.5908,0.018171406109599966,1.1679999999999997,0.027027763503478963
16,continuous,lv,,,,robot13-sidecar,2.215875641025641,0.016195103753961503,65.31747777777778,3.656511696100414,0.0,0.0,0.30700000000000005,0.02062765134473631,1.5978,0.021947665023869665,1.1824,0.03645270908999776
16,continuous,lv,,,,robot14-sidecar,2.2307333333333332,0.02503437913927347,65.55051666666667,3.4807219015959885,0.0,0.0,0.30700000000000005,0.02062765134473631,1.5976000000000004,0.02150116275925538,1.1812,0.036300137740785485
16,continuous,lv,,,,robot15-sidecar,2.2091013791957463,0.018522175711507164,65.1644722024403,3.6371290446984985,0.0,0.0,0.30700000000000005,0.02062765134473631,1.5966,0.019944924166313754,1.1806,0.03404849482723126
16,continuous,lv,,,,robot16-sidecar,2.231800700280112,0.026884590489100284,64.11265448179272,3.7894677072245755,0.0,0.0,0.30700000000000005,0.02062765134473631,1.6018000000000001,0.019715476154534065,1.186,0.03520653348456787
16,continuous,lv,,,,robot2-sidecar,2.2449500000000002,0.03641807777586406,64.51235,3.6814333067924925,0.0,0.0,0.7232000000000001,0.5002821204080754,1.5882,0.030128060010562,1.1638,0.04281004555008078
16,continuous,lv,,,,robot3-sidecar,2.221215579785633,0.03007537951138787,62.38587724263259,5.128180801760419,0.0,0.0,0.37260000000000004,0.09748999948712686,1.6038000000000001,0.010256705123966385,1.1904,0.01758692696294608
16,continuous,lv,,,,robot4-sidecar,2.2282189360489957,0.04505995256185814,64.66584271946067,8.123904224297785,0.0,0.0,0.7331999999999999,0.12172386783207301,1.5759999999999998,0.020037464909513702,1.1492,0.03109179956194271
16,continuous,lv,,,,robot5-sidecar,2.2280466391424016,0.04082831622944498,66.20385725771403,3.746916391084654,0.0,0.0,0.4002,0.09344356585661741,1.5828,0.013590437814875723,1.159,0.022967368155711713
16,continuous,lv,,,,robot6-sidecar,2.2178426553672317,0.020866760447269418,64.53438107344633,5.8966231981471475,0.0,0.0,0.302,0.027919527216627445,1.5932,0.01096357605893255,1.1722000000000001,0.020191582404556617
16,continuous,lv,,,,robot7-sidecar,2.218948739495798,0.025109925387165583,67.88906638655462,6.3146645824333705,0.0,0.0,0.5,0.18036352181081403,1.5857999999999999,0.026080644163823937,1.1636000000000002,0.03850064934517327
16,continuous,lv,,,,robot8-sidecar,2.212084507025951,0.038527941434237524,63.32244496955807,4.41229097963412,0.0,0.0,0.3712,0.0917752689998782,1.5716000000000003,0.06213935950748157,1.1338000000000001,0.09358792657175397
16,continuous,lv,,,,robot9-sidecar,2.2379672412554763,0.05404904851269877,65.71973735186381,3.461702982703607,0.0,0.0,0.33859999999999996,0.06752258881292987,1.5980000000000003,0.01557241150239763,1.184,0.02759528945309327
16,continuous,lv,,,,secaas,8.52691443422631,0.3146928218663702,63.163905637744904,0.2726548656437179,0.0,0.0,7.6453999999999995,0.05132056118165495,0.9714,0.0038470768123342425,1.198,0.005049752469180894
32,continuous,lv,,,,robot1-sidecar,2.2866968508553014,0.0419149976924493,65.04165876500932,3.35090318872189,0.0,0.0,1.547,0.6548736519360049,2.1193999999999997,0.047883191205265435,1.4869999999999999,0.0709471634387169
32,continuous,lv,,,,robot10-sidecar,2.2610639481433603,0.09388450434681216,64.2562705882353,6.288214085471714,0.0,0.0,0.3024,0.02757353803921437,2.0778000000000003,0.04905812878616589,1.4236,0.07829623234868967
32,continuous,lv,,,,robot11-sidecar,2.2469704291886243,0.06661366495734736,61.359382604567244,2.5743672485910687,0.0,0.0,0.3024,0.02757353803921437,2.0745999999999998,0.06862433970538424,1.4236,0.1042990891618905
32,continuous,lv,,,,robot12-sidecar,2.2615349000617195,0.04239937382596226,61.64163274462328,4.109992712230847,0.0,0.0,0.3024,0.02757353803921437,2.0768,0.025994230129011482,1.4258,0.036683783883345575
32,continuous,lv,,,,robot13-sidecar,2.2604253145325925,0.04038922841445995,62.03487149741252,2.8506323822425403,0.0,0.0,0.3024,0.02757353803921437,2.0688,0.04166173304124521,1.4142000000000001,0.06599015078024884
32,continuous,lv,,,,robot14-sidecar,2.2225640846082024,0.07020098161451832,63.1207214501185,4.712266414865989,0.0,0.0,0.48460000000000003,0.4158597119221818,2.0314,0.05601606912306526,1.3567999999999998,0.08586733954187714
32,continuous,lv,,,,robot15-sidecar,2.21931320087357,0.06268492623910074,61.53721709395622,7.491742031618282,0.0,0.0,0.3024,0.02757353803921437,2.0534,0.0475636415763137,1.3846,0.0737583893533475
32,continuous,lv,,,,robot16-sidecar,2.2203747234487015,0.04494761381426886,66.28293488107107,4.909358587311145,0.0,0.0,0.4032,0.24501163237691392,2.0648000000000004,0.05630896909019027,1.4007999999999998,0.0903836268358379
32,continuous,lv,,,,robot17-sidecar,2.1989156862745096,0.053966737976163026,67.04262086834734,2.6944113106243317,0.0,0.0,0.30720000000000003,0.020315019074566527,2.0314,0.05892198231560095,1.3484000000000003,0.09476972090282833
32,continuous,lv,,,,robot18-sidecar,2.168928276951806,0.030294444089458108,64.36328924441571,3.189841981970138,0.0,0.0,0.30720000000000003,0.020315019074566527,1.9818000000000002,0.017810109488714428,1.2806000000000002,0.03234656086819741
32,continuous,lv,,,,robot19-sidecar,2.187395518207283,0.025719465117167415,65.40918655462185,2.8046222032127237,0.0,0.0,0.30720000000000003,0.020315019074566527,2.0001999999999995,0.028682747427678488,1.3026000000000002,0.048438620954771264
32,continuous,lv,,,,robot2-sidecar,2.2932293712526333,0.047300727510486584,61.745338601060254,5.234854123152363,0.0,0.0,1.0954000000000002,0.8480956903557525,2.1094,0.03450072463007142,1.4586,0.05194516339371754
32,continuous,lv,,,,robot20-sidecar,2.2053209799173907,0.06527650286190277,63.88669548497366,2.9826238161333345,0.0,0.0,0.30720000000000003,0.020315019074566527,2.0212000000000003,0.051134137325273894,1.3371999999999997,0.08233286099729574
32,continuous,lv,,,,robot21-sidecar,2.1825831932773108,0.02765813907872715,65.16166260504201,2.7986084120192576,0.0,0.0,0.30720000000000003,0.020315019074566527,1.9978000000000002,0.03272155253040411,1.3004000000000002,0.051732968211770085
32,continuous,lv,,,,robot22-sidecar,2.1886648459383755,0.04430356424789245,62.022623529411774,2.705592587274581,0.0,0.0,0.601,0.44129298657467925,1.9970000000000003,0.03425638626592121,1.3048,0.058738403110741653
32,continuous,lv,,,,robot23-sidecar,2.189595238095238,0.034851672864784015,63.958432492997204,1.8467171699318148,0.0,0.0,0.4084,0.21327517436401258,2.0046000000000004,0.04104022417092798,1.3114000000000001,0.06873718062300764
32,continuous,lv,,,,robot24-sidecar,2.1372335817942996,0.023725302119647938,63.390854542964505,2.5508568866698473,0.0,0.0,0.562,0.5859808017332991,1.9922000000000004,0.030318311298619515,1.2949999999999997,0.0555562777730833
32,continuous,lv,,,,robot25-sidecar,2.1694837535014004,0.023390082195104033,62.96492450980393,3.589898662037427,0.0,0.0,0.30720000000000003,0.020315019074566527,1.9793999999999996,0.018392933425639146,1.275,0.03568613176011115
32,continuous,lv,,,,robot26-sidecar,2.160094877272943,0.027701085878712735,63.37521419313488,2.051759823973677,0.0,0.0,0.42919999999999997,0.2723264585015565,2.0010000000000003,0.0323419232575918,1.3062,0.05593925276583545
32,continuous,lv,,,,robot27-sidecar,2.1856417628068177,0.045012717248245356,64.0168749465888,1.6463091050295517,0.0,0.0,0.4948,0.4248631544391676,2.0016000000000003,0.03661010789385913,1.3052,0.06169440817448499
32,continuous,lv,,,,robot28-sidecar,2.189374858757062,0.03457932256854322,64.4799802259887,3.2528866396239002,0.0,0.0,0.30720000000000003,0.020315019074566527,1.9983999999999997,0.03222266283223652,1.3017999999999998,0.0554589938603289
32,continuous,lv,,,,robot29-sidecar,2.170895658263306,0.0430690425535604,65.10941442577031,2.9521899498606072,0.0,0.0,0.30720000000000003,0.020315019074566527,2.0024,0.03813528549781691,1.307,0.065501908369146
32,continuous,lv,,,,robot3-sidecar,2.281326976944624,0.022227072839404432,64.24096177188824,6.97331437748815,0.0,0.0,0.40779999999999994,0.24472372177621024,2.0938000000000003,0.04239929244692626,1.449,0.06551717332119887
32,continuous,lv,,,,robot30-sidecar,2.169897619047619,0.02108706582832004,63.9171406162465,3.7576882182016056,0.0,0.0,0.30720000000000003,0.020315019074566527,2.0014,0.03460202306224262,1.3055999999999999,0.05847478088885831
32,continuous,lv,,,,robot31-sidecar,2.180293410245454,0.012584318891161359,65.36070781939894,4.0787621968908105,0.0,0.0,0.5628,0.587769257447172,1.9964,0.03510413081106001,1.2988000000000002,0.05968835732368587
32,continuous,lv,,,,robot32-sidecar,2.162089355742297,0.038353029442120413,64.53156428571428,3.5604260413692193,0.0,0.0,0.4948,0.4248631544391676,1.9893999999999998,0.03165122430491361,1.2914,0.05664627083930586
32,continuous,lv,,,,robot4-sidecar,2.272856287918855,0.07083688352789475,63.77635978780577,7.189192812899015,0.0,0.0,0.4056,0.235364185890717,2.0864000000000003,0.061549167337990894,1.4304000000000001,0.0889904489257132
32,continuous,lv,,,,robot5-sidecar,2.5042398708635996,0.3547489232457279,60.597195601291354,6.241600767972697,0.0,0.0,1.8988,1.2519894967610554,2.2763999999999998,0.36856247774291917,1.7373999999999998,0.5682788048132711
32,continuous,lv,,,,robot6-sidecar,2.2964830508474576,0.04035164946821577,64.4597245762712,6.6127771949094765,0.0,0.0,0.5784,0.2930977652593073,2.0954000000000006,0.040252950202439075,1.4483999999999997,0.06062837619464994
32,continuous,lv,,,,robot7-sidecar,2.2588489729225025,0.06607244771089131,63.4084932270344,4.127958244706689,0.0,0.0,0.41879999999999995,0.2631761767333814,2.0680000000000005,0.04170731350734539,1.4068,0.06255157871708755
32,continuous,lv,,,,robot8-sidecar,2.2643720570279395,0.08675269830550841,64.88307436256554,4.908745180037854,0.0,0.0,0.5108,0.2765460178704442,2.0996,0.0497724823572219,1.4546,0.07889740173161623
32,continuous,lv,,,,robot9-sidecar,2.277018029184729,0.06827431199151147,61.440898774372855,3.9876547992640865,0.0,0.0,0.601,0.43407430239533873,2.0914,0.05479781017522493,1.446,0.08435935040053347
32,continuous,lv,,,,secaas,13.648820351429322,0.5537043473692758,63.761667715709414,0.49990847433996083,0.0,0.0,26.6188,0.02409771773425634,1.8196,0.007765307463326978,2.061,0.002549509756796266
64,continuous,lv,,,,robot1-sidecar,2.5841772957065827,0.1599342850190142,54.70623195269849,2.405543303746417,0.0008,0.0017888543819998318,3.2729999999999997,2.4472390565696682,3.2968,0.3122550239787982,2.3656,0.49325987065643173
64,continuous,lv,,,,robot10-sidecar,2.5142726960472728,0.16398162884675915,53.84380977302485,5.2645199519031864,0.0016,0.0021908902300206644,1.8839999999999997,1.4800146958729834,3.2168,0.3220321412530118,2.2451999999999996,0.503091144823679
64,continuous,lv,,,,robot11-sidecar,2.448114892084033,0.14866415480395015,55.55650622292237,1.447299337228363,0.0024000000000000002,0.0021908902300206644,0.663,0.40930001221597834,3.1658,0.32323474441959377,2.1645999999999996,0.5060200588909495
64,continuous,lv,,,,robot12-sidecar,2.440553929238388,0.19032322822934086,57.74395233125919,3.8187638603784824,0.0,0.0,0.8622,0.5816018397494974,3.1868000000000003,0.32105248792058855,2.1904,0.503681744755555
64,continuous,lv,,,,robot13-sidecar,2.419546124373711,0.17330462038807776,57.25518965517241,5.309803335476793,0.0,0.0,0.6162000000000001,0.5620682342918875,3.1478,0.34456378219424016,2.1322,0.5418797837159087
64,continuous,lv,,,,robot14-sidecar,2.38012225922437,0.18106554970913516,57.847746273765765,3.837427237963269,0.0016,0.0021908902300206644,0.7394000000000001,0.6345331354626014,3.117,0.3342042788475336,2.0896,0.5217382485499795
64,continuous,lv,,,,robot15-sidecar,2.385144610690606,0.1464058673542154,56.37818519040074,2.6079497367993314,0.0008,0.0017888543819998318,0.48180000000000006,0.261464529143056,3.1037999999999997,0.32906336775764045,2.0674,0.5181025960174298
64,continuous,lv,,,,robot16-sidecar,2.323557358163024,0.0534256544221256,58.19903095557485,1.564751670757513,0.0,0.0,0.3074,0.021570813614697107,2.9981999999999998,0.038693668732752026,1.9022,0.05658798459036991
64,continuous,lv,,,,robot17-sidecar,2.4530317257055847,0.21245811538886383,60.21383208799563,4.798007512995016,0.0016,0.0021908902300206644,0.7434000000000001,0.6307918040050934,3.1597999999999997,0.336517012942882,2.1695999999999995,0.5333369479044181
64,continuous,lv,,,,robot18-sidecar,2.398672387484497,0.16646820817237695,58.736657266839686,3.764939839676247,0.0016,0.0021908902300206644,0.48180000000000006,0.261464529143056,3.1386,0.34753028644997264,2.1224000000000003,0.5453199061101657
64,continuous,lv,,,,robot19-sidecar,2.3717477721424616,0.14400608469520293,57.51768939755831,2.7599770402173287,0.0,0.0,0.799,0.5893856971457655,3.1270000000000002,0.3023044822691185,2.1026,0.47727696361756244
64,continuous,lv,,,,robot2-sidecar,2.5638349894006565,0.16664883361472116,57.732998667991026,4.699865784466238,0.0,0.0,1.9771999999999998,1.4393886549504271,3.2590000000000003,0.3498935552421621,2.3226000000000004,0.5447906019747403
64,continuous,lv,,,,robot20-sidecar,2.350930139046536,0.1551284702059574,61.45467489615517,4.764372939098746,0.0016,0.0021908902300206644,0.42140000000000005,0.26863599907681773,3.1002,0.32644095943983475,2.0812,0.5168135060154679
64,continuous,lv,,,,robot21-sidecar,2.409366132723112,0.1802593238776406,57.78739406598995,3.2203633852936524,0.0008,0.0017888543819998318,0.667,0.4044211913339854,3.1172,0.32671195264330316,2.0896,0.516475846482679
64,continuous,lv,,,,robot22-sidecar,2.3871843679929947,0.20309699499682304,58.31934844671283,3.3510571946283165,0.0,0.0,2.6104,0.5227086186394865,3.1319999999999997,0.3942099694325349,2.1196,0.6223160772469243
64,continuous,lv,,,,robot23-sidecar,2.2710003589171426,0.04308444396822837,61.287199093288336,5.7342058823164574,0.0016,0.0021908902300206644,0.9232000000000001,0.5228715903546493,2.9326,0.07109360027456778,1.8236,0.10793423923852914
64,continuous,lv,,,,robot24-sidecar,2.3285773955127698,0.2185131890788474,58.43824120045241,3.391870787104531,0.0024000000000000002,0.0021908902300206644,0.6066,0.4379946346703348,3.0244,0.4118953750650765,1.9642000000000004,0.6521661598089862
64,continuous,lv,,,,robot25-sidecar,2.3637360219350514,0.22419327780505074,60.396146685159444,4.179450570660046,0.0016,0.0021908902300206644,0.9194000000000001,0.5227086186394865,3.0786000000000002,0.3655753000409082,2.0462,0.5813563451102945
64,continuous,lv,,,,robot26-sidecar,2.3795380116959066,0.15644796685141904,57.798271704903286,2.9167794241061147,0.0008,0.0017888543819998318,0.35900000000000004,0.12630320661012526,3.1266,0.3633858830499613,2.1012,0.572098068516229
64,continuous,lv,,,,robot27-sidecar,2.36779891139005,0.18507790956073644,57.66693541183945,4.087685984817966,0.0016,0.0021908902300206644,0.7966000000000001,0.5959499140028465,3.1057999999999995,0.36661860291043635,2.0721999999999996,0.5788982639462653
64,continuous,lv,,,,robot28-sidecar,2.3741392064349034,0.19251427535760254,58.20465775842507,4.678414735513404,0.0,0.0,0.667,0.4044211913339854,3.0932000000000004,0.37195187860797235,2.0528,0.5868949650491136
64,continuous,lv,,,,robot29-sidecar,2.3622040358315153,0.22718967858295785,61.32578025565972,3.2857605334716338,0.0016,0.0021908902300206644,0.6162000000000001,0.5620682342918875,3.0768,0.3630333318030181,2.0426,0.5775983033216077
64,continuous,lv,,,,robot3-sidecar,2.479289638521238,0.10817892384355753,58.57174788137024,2.0892843524304316,0.0,0.0,3.2074,2.5113619412581696,3.0846,0.10644388192846042,2.0680000000000005,0.15476595232802356
64,continuous,lv,,,,robot30-sidecar,2.2807478879920944,0.22593412477785238,61.54013050758456,3.1620935523398983,0.0,0.0,0.7942,0.5942227696748081,3.0134,0.4027558813971559,1.9478000000000002,0.6428111697847197
64,continuous,lv,,,,robot31-sidecar,2.306222861694444,0.20141618839325418,60.50270583422774,3.718929022381451,0.0,0.0,0.6778000000000001,0.576826403695254,3.0344,0.3803607498152246,1.9779999999999998,0.6031757621125039
64,continuous,lv,,,,robot32-sidecar,2.3581752870528296,0.16389185007564586,59.47396322513507,1.9795443824450074,0.0,0.0,0.7310000000000001,0.5465450576119045,3.0951999999999997,0.379035222637686,2.0492,0.5958222889419293
64,continuous,lv,,,,robot33-sidecar,2.2687765853915147,0.2325887114597951,59.82852928798759,3.853371082088014,0.0,0.0,0.9456,0.5239373054097217,2.9918,0.42449581858953583,1.9190000000000005,0.6856066656618793
64,continuous,lv,,,,robot34-sidecar,2.315150317761473,0.13863918676079834,59.66726698199572,4.972172084516243,0.0,0.0,0.6893999999999999,0.4114107436613682,3.0486,0.346113131793638,1.9838,0.5454234135055078
64,continuous,lv,,,,robot35-sidecar,2.3258106893921457,0.18688720284161892,61.26373080038927,6.231180160655984,0.0032,0.0017888543819998318,0.944,0.5326269801652935,3.0274000000000005,0.3947870311953014,1.9741999999999997,0.6387219269760513
64,continuous,lv,,,,robot36-sidecar,2.3099344985402035,0.19662573607329376,61.56531566322102,5.043534102883146,0.0016,0.0021908902300206644,0.5651999999999999,0.41666617333304135,3.032,0.372230439378619,1.9555999999999998,0.5897764830849058
64,continuous,lv,,,,robot37-sidecar,2.3495820792306548,0.1983884996457527,60.13842761457109,3.1227556889776658,0.0,0.0,0.49939999999999996,0.2719812493537009,3.0745999999999993,0.3843244722887162,2.0269999999999997,0.6042408460208565
64,continuous,lv,,,,robot38-sidecar,2.3358878935532235,0.1885639390236476,60.34995597022917,3.9857957281086316,0.0024000000000000002,0.0021908902300206644,0.6268,0.4486409477522087,3.0482,0.36324743632956286,1.9806000000000001,0.5726877857960652
64,continuous,lv,,,,robot39-sidecar,2.2693592508064455,0.21165999400122718,64.82423251950273,5.055530526344128,0.0,0.0,0.9488,0.5251692108263774,2.9806,0.41054512541254207,1.8954,0.6517628403031274
64,continuous,lv,,,,robot4-sidecar,2.5146919282598916,0.16711597593322555,54.88618421639383,2.1276522409761287,0.0,0.0,6.051,8.902995142085611,3.1226000000000007,0.09416899702131244,2.1012,0.15905565063838575
64,continuous,lv,,,,robot40-sidecar,2.3553718281884697,0.23834284535496306,60.05359028818924,4.419579469702062,0.0,0.0,2.2938,1.2230939048167968,3.0708,0.409863025900117,2.0134,0.6476301413615645
64,continuous,lv,,,,robot41-sidecar,2.3384160129786657,0.22525930695147808,60.34663372072398,5.972639609547363,0.0032,0.0017888543819998318,0.9488,0.5251692108263774,3.0431999999999997,0.37944525296806664,1.9758000000000002,0.5945937268421188
64,continuous,lv,,,,robot42-sidecar,2.3427077371570624,0.21517636010864685,58.56590114558105,3.7799769870604356,0.0,0.0,0.6906,0.5918693267943524,3.0481999999999996,0.3928443712209711,1.9855999999999998,0.6178295072267107
64,continuous,lv,,,,robot43-sidecar,2.275447409801683,0.1813287972980187,61.880488766635395,5.029482136295587,0.0,0.0,0.8862,0.5902700229555962,3.0202,0.362714350419169,1.9357999999999993,0.5706423573482781
64,continuous,lv,,,,robot44-sidecar,2.2830125773579377,0.20297361685440088,61.63156417580683,4.029074781071701,0.0032,0.0017888543819998318,0.944,0.5326269801652935,2.9928,0.3520393443920722,1.8978000000000006,0.5557712658999204
64,continuous,lv,,,,robot45-sidecar,2.2915327616218883,0.2351330629511656,61.071955077319636,7.401260719153803,0.0032,0.0017888543819998318,0.9488,0.5251692108263774,2.996,0.35464277801754246,1.9022,0.5572241021348593
64,continuous,lv,,,,robot46-sidecar,2.3167201932771806,0.2018150478985188,60.118145053654004,6.246371246321843,0.0016,0.0021908902300206644,0.5603999999999999,0.42059041834069405,3.0428,0.3305135398134243,1.9636000000000002,0.5209019101519977
64,continuous,lv,,,,robot47-sidecar,2.3073769691844275,0.2217259415358576,60.12103690972458,7.1340678995893425,0.0,0.0,0.6901999999999999,0.4128234489463989,3.0134000000000003,0.36469891691640643,1.9297999999999995,0.5732322391491954
64,continuous,lv,,,,robot48-sidecar,2.161556749897059,0.0717338106029208,64.8697414619658,3.4029374240053047,0.0032,0.0017888543819998318,0.9480000000000001,0.5326269801652935,2.8312,0.04752578247646298,1.6485999999999996,0.08017979795434726
64,continuous,lv,,,,robot49-sidecar,2.2676073805202663,0.2000129813811225,62.46327676950998,5.365075114350314,0.0,0.0,1.794,1.4142140927030815,2.9642000000000004,0.3513540948957332,1.8752000000000002,0.5524954298453516
64,continuous,lv,,,,robot5-sidecar,2.5466900684297338,0.17753480425021617,56.131429129379306,2.7901292044941406,0.0086,0.019230184606498193,1.0342000000000002,0.9907298824604008,3.2370000000000005,0.32791767259481436,2.2966,0.5204251146899039
64,continuous,lv,,,,robot50-sidecar,2.2643284880149586,0.2143090567218449,62.00291608378391,4.433496527337361,0.0024000000000000002,0.0021908902300206644,0.7612,0.6425388704195256,2.9958,0.36679585602893583,1.9014000000000002,0.5796570537826654
64,continuous,lv,,,,robot51-sidecar,2.2990007605508986,0.15930217494227875,61.870174689982946,3.4959197321651234,0.0016,0.0021908902300206644,0.9456,0.5239373054097217,2.9516,0.3595529168286638,1.8514000000000004,0.5676216169245143
64,continuous,lv,,,,robot52-sidecar,2.2678040891058897,0.2309572773635899,62.472809887091856,4.087573392978248,0.0,0.0,0.9488,0.5251692108263774,2.978,0.35997847157851,1.8782000000000003,0.568785724152778
64,continuous,lv,,,,robot53-sidecar,2.2932931777700896,0.23913678090676097,61.989765157165,4.230496967135309,0.0032,0.0017888543819998318,0.8862,0.5902700229555962,3.0040000000000004,0.38313183109733884,1.9114,0.6064439792759097
64,continuous,lv,,,,robot54-sidecar,2.2478538083715036,0.19828416448318847,58.80919530396504,7.194268694659099,0.0,0.0,0.944,0.5326269801652935,2.9948,0.3558562912188008,1.8959999999999997,0.5596056647318721
64,continuous,lv,,,,robot55-sidecar,2.2814034517208093,0.18387759749641983,61.5098560035306,5.096950576811825,0.0,0.0,0.8814,0.5962854182352609,2.9890000000000008,0.3782155470099024,1.8892,0.5920892669184268
64,continuous,lv,,,,robot56-sidecar,2.2597028742039234,0.2115624630465018,62.264868632350485,5.089266391197475,0.0016,0.0021908902300206644,0.9458,0.5216686687927501,2.9554,0.3721287411635926,1.8643999999999998,0.5828848942973218
64,continuous,lv,,,,robot57-sidecar,2.2182539730134936,0.23414255156536137,61.213886206896554,4.606349482193723,0.0016,0.0021908902300206644,0.7604,0.6411893636048559,2.903,0.3860783599219207,1.7719999999999998,0.6104084697970698
64,continuous,lv,,,,robot58-sidecar,2.248209597050692,0.22250170693076332,60.53264095271,6.401554504522213,0.0016,0.0021908902300206644,0.5603999999999999,0.42059041834069405,2.9788000000000006,0.36477828882761076,1.8714000000000002,0.5763872829964243
64,continuous,lv,,,,robot59-sidecar,2.2775014009601557,0.18609154635248334,63.46386459558071,4.780471542286767,0.0,0.0,0.9488,0.5251692108263774,2.9586000000000006,0.36044597376028487,1.8421999999999996,0.5651594465281461
64,continuous,lv,,,,robot6-sidecar,2.567373109183454,0.2065847128959438,55.046274730964385,5.8724926847469,0.0024000000000000002,0.0021908902300206644,3.9222,3.5149340961104807,3.2588,0.34866775015765367,2.3182,0.5460638241085011
64,continuous,lv,,,,robot60-sidecar,2.2368354348466792,0.2058755796482263,64.22414304770692,3.702807819584928,0.0,0.0,1.533,1.4341378943462864,2.9288,0.3716015339042617,1.8168,0.5886261122308456
64,continuous,lv,,,,robot61-sidecar,2.219130541103608,0.1958314248639607,63.02599942620337,3.6807025283286645,0.0056,0.0035777087639996636,0.9423999999999999,0.5307224321620483,2.9318,0.36609520619642116,1.8196,0.5836122856828839
64,continuous,lv,,,,robot62-sidecar,2.257518084345142,0.19388251115872318,61.226323675476706,4.255569242165536,0.0,0.0,0.5651999999999999,0.41666617333304135,2.9622,0.35551188447082865,1.8481999999999998,0.5578195944926997
64,continuous,lv,,,,robot63-sidecar,2.246519171183639,0.22685308321192443,61.86526215610144,3.1798551750155695,0.0,0.0,0.5643999999999999,0.4149654202460731,2.9236,0.37801891487067163,1.8063999999999996,0.5939093365152631
64,continuous,lv,,,,robot64-sidecar,2.2258971434636665,0.16260268308025275,60.32433607488291,5.44565965475825,0.0024000000000000002,0.0021908902300206644,0.6893999999999999,0.4114107436613682,2.9029999999999996,0.38793685053111393,1.7785999999999997,0.6092452708064299
64,continuous,lv,,,,robot7-sidecar,2.515880215249518,0.1541742475705921,57.263637807881764,3.4673892238675306,0.0,0.0,0.9202,0.5240083014609597,3.2258000000000004,0.3413849733072617,2.2592000000000003,0.5376957318037776
64,continuous,lv,,,,robot8-sidecar,2.515316082579493,0.17147278662364965,55.42737826963711,3.389810325098911,0.0032,0.0017888543819998318,0.9194000000000001,0.5227086186394865,3.1908000000000003,0.35111849851581445,2.2019999999999995,0.5524400419955093
64,continuous,lv,,,,robot9-sidecar,2.531504097684238,0.15168333231002593,54.50555242778752,4.921676813695739,0.0,0.0,4.2808,2.283852490858374,3.2384,0.33336886477294203,2.2776000000000005,0.5266643143407385
64,continuous,lv,,,,secaas,26.888432467873066,0.7959998971884116,64.86364857067926,0.9111057617248184,0.0,0.0,98.76259999999999,1.260999920697847,3.5187999999999997,0.017612495564229193,3.7633999999999994,0.019034179782696503
