n_robots,mode,variant,ssp_s,iterqu,cpu_limit,container,cpu_percent_mean,cpu_percent_std,mem_mb_mean,mem_mb_std,blk_read_mb_mean,blk_read_mb_std,blk_write_mb_mean,blk_write_mb_std,net_rx_mb_mean,net_rx_mb_std,net_tx_mb_mean,net_tx_mb_std
4,continuous,standard,20.0,1.0,0.4,robot1-sidecar,3.7181480741036923,0.09243706835835885,64.86021871251499,1.9497293525999437,0.0,0.0,0.36499999999999994,0.03852272056851643,1.3115999999999999,0.04131343607108951,1.1932000000000003,0.06437157757892852
4,continuous,standard,20.0,1.0,0.4,robot2-sidecar,3.695977742236439,0.08651117617050556,66.327962415034,3.9959609501868076,0.0,0.0,0.3492,0.022509997778764872,1.2915999999999999,0.024182638400306714,1.1666,0.042294207641236176
4,continuous,standard,20.0,1.0,0.4,robot3-sidecar,3.8107540983606554,0.09802268438542806,65.10095081967214,1.9292780233061406,0.0,0.0,0.3394,0.024337214302380592,1.2856,0.027942798714516732,1.1576,0.04709352397092427
4,continuous,standard,20.0,1.0,0.4,robot4-sidecar,3.7170491803278685,0.13939539804251527,64.91285245901639,2.0988654309296044,0.0,0.0,0.33039999999999997,0.031397452125928954,1.286,0.03132890039564113,1.1582000000000001,0.05238511238892197
4,continuous,standard,20.0,1.0,0.4,secaas,5.298861788617886,0.15955900252218552,63.385463414634145,0.1060043418159783,0.0,0.0,0.978,0.003937003937005975,0.3914,0.0013416407864998976,0.5429999999999999,0.0012247448713916496
4,startup,,,,,robot1-sidecar,3.899677777777778,0.3574578590374734,56.5842904040404,11.39988265327205,0.0,0.0,0.017400000000000002,0.0024083189157584604,0.0848,0.011670475568716138,0.10339999999999998,0.01694992625352687
4,startup,,,,,robot2-sidecar,4.005188888888889,0.4600076855403321,57.033411111111114,11.066615479044797,0.0,0.0,0.015000000000000003,0.0017320508075688787,0.05920000000000001,0.007949842765740732,0.06620000000000001,0.01435966573427112
4,startup,,,,,robot3-sidecar,3.8984666666666667,0.28100882691201906,56.601705555555554,11.165803454052783,0.0,0.0,0.0158,0.002489979919597751,0.0668,0.020873428084528897,0.0772,0.03245304300061861
4,startup,,,,,robot4-sidecar,3.984488888888889,0.3099808527788552,57.92755,12.3854365718371,0.0,0.0,0.015000000000000003,0.0017320508075688787,0.0598,0.007463243262818113,0.06739999999999999,0.013501851724856118
4,startup,,,,,secaas,6.819212121212121,0.15645452882495228,63.22533939393939,0.15006064304868794,0.0,0.0,0.10900000000000003,9.813077866773594e-17,0.0504,0.0028809720581775907,0.0644,0.004722287581247034
8,continuous,standard,20.0,1.0,0.4,robot1-sidecar,3.605885812672176,0.09830493928569664,65.34565399449036,3.627525290065912,0.0,0.0,0.34900000000000003,0.027955321496988747,1.4445999999999999,0.03301969109486048,1.1982,0.054126703206458016
8,continuous,standard,20.0,1.0,0.4,robot2-sidecar,3.598552892561983,0.07541474368160273,65.52897314049586,3.6490107080141843,0.0,0.0,0.35700000000000004,0.02770379035439015,1.4406000000000003,0.0462309420193881,1.1958,0.073832242279373
8,continuous,standard,20.0,1.0,0.4,robot3-sidecar,3.5481333333333334,0.0681754680544581,65.12088333333334,6.971047416168695,0.0,0.0,0.3423999999999999,0.017111399708965906,1.4266,0.03900384596421209,1.1748,0.0635586343465622
8,continuous,standard,20.0,1.0,0.4,robot4-sidecar,3.6010666666666666,0.040174376853357,62.072566666666674,4.694840178693225,0.0,0.0,0.3492,0.019305439647933423,1.4262000000000001,0.030938648968563694,1.1748,0.05310555526496246
8,continuous,standard,20.0,1.0,0.4,robot5-sidecar,3.5537333333333336,0.06291328357350295,63.98695,4.240101125874109,0.0,0.0,0.3372,0.023424346308915468,1.43,0.03441656577870588,1.1796,0.05831637848838006
8,continuous,standard,20.0,1.0,0.4,robot6-sidecar,3.6144967787114846,0.11100297914431978,63.84851792717086,3.6915792317550458,0.0,0.0,0.35619999999999996,0.01883348082538118,1.4276,0.03257759966602823,1.1768,0.05550405390599851
8,continuous,standard,20.0,1.0,0.4,robot7-sidecar,3.572234733893558,0.04017820992800994,65.67113781512606,3.9009929425812437,0.0,0.0,0.35960000000000003,0.018662797217994978,1.429,0.03529164207004254,1.1792,0.05897202726717131
8,continuous,standard,20.0,1.0,0.4,robot8-sidecar,3.54895,0.1112732435144328,65.38000000000001,3.714465557115857,0.0,0.0,0.3364,0.029194177501686878,1.4242000000000001,0.033154185256163426,1.1723999999999999,0.05602499442213277
8,continuous,standard,20.0,1.0,0.4,secaas,6.248959349593496,0.14969248668884075,63.53541463414634,0.16888666827843143,0.0,0.0,2.2295999999999996,0.00450555213042762,0.576,0.0007071067811865089,0.7569999999999999,0.0012247448713916128
8,startup,,,,,robot1-sidecar,3.5678222222222225,0.3687401524108812,60.726727777777775,7.115286790188834,0.0,0.0,0.015000000000000003,0.0017320508075688728,0.07919999999999998,0.021475567512873786,0.0806,0.030146309890266836
8,startup,,,,,robot2-sidecar,3.6002449494949493,0.1873733910020211,60.849636363636364,6.743897161251693,0.0,0.0,0.016600000000000004,0.0031304951684997043,0.0876,0.022400892839349058,0.09360000000000002,0.031181725417301735
8,startup,,,,,robot3-sidecar,3.5992000000000006,0.2433518157935132,59.16515,7.510900103349799,0.0,0.0,0.0166,0.0019493588689617934,0.07359999999999997,0.010502380682492892,0.07239999999999999,0.012381437719424983
8,startup,,,,,robot4-sidecar,3.7025888888888887,0.3639472850726164,60.10497222222223,6.1448671348168675,0.0,0.0,0.015000000000000003,0.0017320508075688728,0.06799999999999998,0.006557438524301995,0.0668,0.01171324037147705
8,startup,,,,,robot5-sidecar,3.6582222222222223,0.3081338099434186,59.29924444444445,7.437758291977262,0.0,0.0,0.015000000000000003,0.0017320508075688728,0.06779999999999999,0.006016643582596518,0.06620000000000001,0.01052140675005013
8,startup,,,,,robot6-sidecar,3.793505555555556,0.4102230128761792,60.29885,6.213029948724699,0.0,0.0,0.015000000000000003,0.0017320508075688728,0.06839999999999997,0.006841052550594818,0.06679999999999998,0.012070625501605118
8,startup,,,,,robot7-sidecar,3.72065,0.3381792978583989,60.02262777777778,6.270417309984878,0.0,0.0,0.015000000000000003,0.0017320508075688728,0.06719999999999998,0.0066858058601787,0.06460000000000002,0.011760102040373649
8,startup,,,,,robot8-sidecar,3.6864166666666662,0.24434091478687922,60.110394444444445,6.082605231554328,0.0,0.0,0.015000000000000003,0.0017320508075688728,0.06779999999999999,0.006833739825307944,0.06640000000000003,0.011991663771137027
8,startup,,,,,secaas,9.767111111111111,0.7614381292602567,63.305581818181814,0.17500045878640824,0.0,0.0,0.273,1.9821445675202305e-16,0.0852,0.0021679483388678793,0.10540000000000001,0.004277849927241481
16,continuous,standard,20.0,1.0,0.4,robot1-sidecar,3.6321308930351806,0.04998780042581828,64.1946264064948,7.123955865442785,0.0,0.0,0.3552,0.02258760722166029,1.6489999999999998,0.0314483703870327,1.2735999999999998,0.04907952730008735
16,continuous,standard,20.0,1.0,0.4,robot10-sidecar,3.6390059357945694,0.07362799747022956,61.84008741784415,2.8516456365054883,0.0,0.0,0.3548,0.022083930809527558,1.6103999999999998,0.02973718211263463,1.2189999999999999,0.04880061475022624
16,continuous,standard,20.0,1.0,0.4,robot11-sidecar,3.615075756581188,0.10180445334818372,61.1003956849947,4.076685219983797,0.0,0.0,0.3428,0.025596874809241825,1.6308000000000002,0.03196404229755708,1.2546,0.04933862584223442
16,continuous,standard,20.0,1.0,0.4,robot12-sidecar,3.5737222983065458,0.05740038997433365,63.73952195793572,6.8426953355076305,0.0,0.0,0.346,0.03400735214626396,1.6128,0.028420063335608557,1.2226000000000001,0.0455993421005174
16,continuous,standard,20.0,1.0,0.4,robot13-sidecar,3.6314237288135596,0.0623008000500122,62.89838983050847,3.729994727694622,0.0,0.0,0.3393999999999999,0.030237394067611036,1.6182000000000003,0.021358838919754184,1.234,0.033249060137092515
16,continuous,standard,20.0,1.0,0.4,robot14-sidecar,3.648187570377999,0.041714999697122127,64.61477367287637,6.647220736390947,0.0,0.0,0.3598,0.04100243895184774,1.6229999999999998,0.022135943621178746,1.2415999999999996,0.033200903602161325
16,continuous,standard,20.0,1.0,0.4,robot15-sidecar,3.5897234012248966,0.02832186956958832,62.82228229596924,3.8001124395216466,0.0,0.0,0.34639999999999993,0.0219840851526735,1.6225999999999998,0.022963013739490043,1.2398,0.035145412218382036
16,continuous,standard,20.0,1.0,0.4,robot16-sidecar,3.623707591511181,0.04327466857422175,61.697628827802305,3.8275698276684875,0.0,0.0,0.3398,0.023424346308915437,1.6258,0.015417522498767242,1.2449999999999999,0.026851443164195018
16,continuous,standard,20.0,1.0,0.4,robot2-sidecar,3.6861381573229033,0.05582755229283265,61.271114030131834,3.9459747176661333,0.0,0.0,0.3424,0.02256767599909215,1.6485999999999996,0.036004166425567946,1.2799999999999998,0.06042764268114399
16,continuous,standard,20.0,1.0,0.4,robot3-sidecar,3.633826235578977,0.042916125481057686,62.95187323743056,3.31163399510117,0.0,0.0,0.3462,0.023763417262674988,1.6198000000000001,0.02570408527841449,1.2352000000000003,0.0436543239553655
16,continuous,standard,20.0,1.0,0.4,robot4-sidecar,3.6523433277700477,0.043946045141091857,62.58608934734259,3.5164504711235587,0.0,0.0,0.34219999999999995,0.04746788387952427,1.6143999999999998,0.03282224855185871,1.2278000000000002,0.053434071527443984
16,continuous,standard,20.0,1.0,0.4,robot5-sidecar,3.646915254237288,0.05936646641075607,61.65027118644068,3.4629390213328453,0.0,0.0,0.34639999999999993,0.023985412233272087,1.6328000000000003,0.014481022063376793,1.2567999999999997,0.024056184236075143
16,continuous,standard,20.0,1.0,0.4,robot6-sidecar,3.656949152542373,0.060333448136923006,62.562932203389835,3.4354619583722874,0.0,0.0,0.35019999999999996,0.03235274331490302,1.6328,0.02342434630891544,1.259,0.03455430508634208
16,continuous,standard,20.0,1.0,0.4,robot7-sidecar,3.641818829226606,0.048514873520085045,62.86127018943171,4.4719234479919665,0.0,0.0,0.3316,0.032300154798390684,1.6056000000000001,0.031365586237148434,1.2129999999999999,0.050289163842720586
16,continuous,standard,20.0,1.0,0.4,robot8-sidecar,3.617716849451645,0.030268280085018803,62.9256934909557,3.730173804538957,0.0,0.0,0.34459999999999996,0.0249459415536876,1.6208000000000002,0.02472245942457999,1.2384,0.03805653688921254
16,continuous,standard,20.0,1.0,0.4,robot9-sidecar,3.6226747973417965,0.06777146944887998,61.448173254351715,3.4398136582597316,0.0,0.0,0.3388,0.025557777681167786,1.6112000000000002,0.02874369496080848,1.2216,0.0474899989471467
16,continuous,standard,20.0,1.0,0.4,secaas,8.376873196957776,0.3594436149661055,63.891466037241024,0.28215829563225864,0.0,0.0,6.9346000000000005,0.007056911505751182,0.9666,0.0015165750888104397,1.1902000000000001,0.0010954451150102366
16,startup,,,,,robot1-sidecar,3.5525170940170936,0.36528250010071717,63.91147521367522,6.573602580113665,0.0,0.0,0.0172,0.004324349662087931,0.11339999999999997,0.04812275968811432,0.095,0.05752825392796137
16,startup,,,,,robot10-sidecar,3.4488545454545454,0.19531763607347502,62.41177070707071,6.349131951125105,0.0,0.0,0.016999999999999998,0.004183300132670381,0.09659999999999999,0.041674932513442654,0.07319999999999999,0.04637564015730673
16,startup,,,,,robot11-sidecar,3.4813485236985238,0.24034279844140424,61.54763162393162,7.268874151667378,0.0,0.0,0.0162,0.0047644516998286415,0.09500000000000004,0.04026785318340175,0.07100000000000001,0.043278170016764796
16,startup,,,,,robot12-sidecar,3.5468124320124317,0.4242137040826322,63.74986247086247,6.937106024540746,0.0,0.0,0.0162,0.0047644516998286415,0.10039999999999998,0.05227618960865458,0.07919999999999998,0.062455584217906424
16,startup,,,,,robot13-sidecar,3.532177466977467,0.18873034527501456,61.81962346542347,6.752911811485744,0.0,0.0,0.01639999999999999,0.004037325847637276,0.09540000000000004,0.04014722904510344,0.0704,0.04404883653401074
16,startup,,,,,robot14-sidecar,3.551703807303807,0.2526032082281919,63.01593690753691,6.468332137350911,0.0,0.0,0.015599999999999998,0.004505552130427527,0.09540000000000004,0.040728368491752744,0.07160000000000001,0.045725266538315545
16,startup,,,,,robot15-sidecar,3.500482672882673,0.29153682500634565,61.65221585081586,6.623659003927257,0.0,0.0,0.0162,0.0047644516998286415,0.09480000000000004,0.03941065845681849,0.07100000000000001,0.04269660408041837
16,startup,,,,,robot16-sidecar,3.5171423465423466,0.28358714495240794,63.003056410256406,6.315227466392865,0.0,0.0,0.016999999999999998,0.004183300132670381,0.09679999999999997,0.041372696310489614,0.07320000000000002,0.04629470812090729
16,startup,,,,,robot2-sidecar,3.6218981240981236,0.2545198602325647,64.32849783549783,7.854811842093911,0.0,0.0,0.0172,0.005718391382198318,0.1146,0.04734237002939335,0.09519999999999999,0.05081043199973802
16,startup,,,,,robot3-sidecar,3.509902097902098,0.17449183879136332,61.04477389277389,6.86372772528083,0.0,0.0,0.015599999999999998,0.004505552130427524,0.09100000000000004,0.02148255105894082,0.06440000000000001,0.017372391890583167
16,startup,,,,,robot4-sidecar,3.3743843045843045,0.18050452556435492,58.67572789432789,7.5483290813594435,0.0,0.0,0.015599999999999998,0.004505552130427524,0.08499999999999999,0.019862024066041227,0.055600000000000004,0.013030732903409548
16,startup,,,,,robot5-sidecar,3.562083916083916,0.22777756132272556,64.08229836829837,8.069574063773958,0.0,0.0,0.015599999999999998,0.004505552130427524,0.10299999999999998,0.040865633483405134,0.08180000000000001,0.04448258086037724
16,startup,,,,,robot6-sidecar,3.6416049728049726,0.22335581215509595,63.71144957264958,7.80079417348475,0.0,0.0,0.016399999999999998,0.004037325847637271,0.10119999999999998,0.04084972460127489,0.08059999999999999,0.044167861619055095
16,startup,,,,,robot7-sidecar,3.5310988344988345,0.1794041329961069,61.6749554001554,6.638084964639479,0.0,0.0,0.016399999999999998,0.004037325847637271,0.09500000000000004,0.04026785318340175,0.07020000000000001,0.0441723895663343
16,startup,,,,,robot8-sidecar,3.49842533022533,0.14579668874991455,62.9312198912199,6.2636129683564326,0.0,0.0,0.015599999999999998,0.004505552130427524,0.09480000000000002,0.041008535696852165,0.07060000000000001,0.0456157867409957
16,startup,,,,,robot9-sidecar,3.525734731934732,0.43996775321873055,63.581414296814295,7.74834710790439,0.0,0.0,0.015599999999999998,0.004505552130427527,0.10099999999999995,0.053605037076752404,0.0802,0.06580045592547214
16,startup,,,,,secaas,13.838502597402599,1.140685257718618,63.424014718614714,0.18447807211656925,0.0,0.0,0.75,0.22315353458997675,0.159,0.005700877125495699,0.1908,0.006833739825307962
32,continuous,standard,20.0,1.0,0.4,robot1-sidecar,3.760074131678755,0.06383023818767072,62.673756639940564,5.68186218895288,0.0,0.0,0.3498,0.030078231330980865,2.1555999999999997,0.06965486343393416,1.572,0.11172287142747458
32,continuous,standard,20.0,1.0,0.4,robot10-sidecar,3.796013177526452,0.060399835158377775,61.49663567613125,2.491209883559849,0.0,0.0,0.5596,0.4792106008844128,2.127,0.06522269543648102,1.5379999999999998,0.11146299834474205
32,continuous,standard,20.0,1.0,0.4,robot11-sidecar,3.698106194690266,0.10910900800793341,62.57116814159292,4.529830915561925,0.0,0.0,0.3458,0.020945166506857824,2.108,0.08332166584988578,1.5044,0.12989919168339717
32,continuous,standard,20.0,1.0,0.4,robot12-sidecar,3.715603666245259,0.07344673503173915,66.65713147914033,2.8739285155615177,0.0,0.0,0.3408,0.03704321800275997,2.1444,0.04867545582734698,1.5614,0.07689148197297256
32,continuous,standard,20.0,1.0,0.4,robot13-sidecar,3.7067846607669614,0.06517094130226189,61.02233516702544,4.446663795735765,0.0,0.0,0.343,0.03087879531328904,2.087,0.07698376452213836,1.4701999999999997,0.12021522366156456
32,continuous,standard,20.0,1.0,0.4,robot14-sidecar,3.6973950633361903,0.061123633911548354,58.326646190120336,7.129484288741918,0.0,0.0,0.3444,0.028518415103227623,2.1141999999999994,0.04139685978428811,1.5174,0.06906735842639408
32,continuous,standard,20.0,1.0,0.4,robot15-sidecar,3.645605953338696,0.07702075994060342,63.37204682220435,4.946453064071434,0.0,0.0,0.3438,0.02605187133393684,2.0818000000000003,0.06995498552640843,1.462,0.11254332499086735
32,continuous,standard,20.0,1.0,0.4,robot16-sidecar,3.6566409219952534,0.06839918397250257,61.345687124337395,5.0849508307429,0.0,0.0,0.3404,0.035345438178073264,2.0674,0.06475569473027089,1.4467999999999999,0.10390957607458519
32,continuous,standard,20.0,1.0,0.4,robot17-sidecar,3.7308610935524653,0.09803588400110066,61.70963890644754,3.973963037130654,0.0,0.0,0.36260000000000003,0.02281008548866051,2.117,0.049894889517865505,1.5236,0.08081645871974362
32,continuous,standard,20.0,1.0,0.4,robot18-sidecar,3.613150442477876,0.05571801873184847,63.28263716814159,3.570288949360402,0.0,0.0,0.3425999999999999,0.01630337388395418,2.0542000000000002,0.039707681876432914,1.4260000000000002,0.06339163982734633
32,continuous,standard,20.0,1.0,0.4,robot19-sidecar,3.67432897621174,0.09455826826797574,60.078700657627664,4.938575471835863,0.0,0.0,0.5628,0.4832454862696599,2.0708,0.0640210902750024,1.4515999999999998,0.10461022894535683
32,continuous,standard,20.0,1.0,0.4,robot2-sidecar,3.7734879677068776,0.07061835747880381,61.6481433007297,3.195337626412332,0.0,0.0,0.3444,0.026206869328479505,2.1386,0.05894319299121805,1.5534,0.10583146979986627
32,continuous,standard,20.0,1.0,0.4,robot20-sidecar,3.638051103976756,0.0553168548185445,62.009681152549526,5.51233509089656,0.0,0.0,0.34059999999999996,0.02811227489905435,2.0631999999999997,0.04244054665057914,1.4305999999999999,0.06860976606868734
32,continuous,standard,20.0,1.0,0.4,robot21-sidecar,3.6438759314574405,0.08850682047331304,58.49960772049413,6.7761262028410565,0.0,0.0,0.3616,0.024460171708309778,2.0444,0.04509767178025954,1.4098,0.07497799677238659
32,continuous,standard,20.0,1.0,0.4,robot22-sidecar,3.6709511694058152,0.06571430137208714,60.752260903919094,2.5773258593213924,0.0,0.0,0.35019999999999996,0.02589787636081389,2.0702000000000003,0.04960040322416778,1.4502000000000002,0.08263594859381727
32,continuous,standard,20.0,1.0,0.4,robot23-sidecar,3.6206716842891624,0.06809144570109438,61.84773547006091,5.539383676204675,0.0,0.0,0.3486,0.027537247502246866,2.0292,0.04094142156789357,1.3796000000000002,0.06750037036935443
32,continuous,standard,20.0,1.0,0.4,robot24-sidecar,3.6014678787677155,0.06041611945229612,62.32397376461064,6.533663756441373,0.0,0.0,0.3438,0.016976454282328794,2.0484,0.03664423556304626,1.4082,0.06272718708821554
32,continuous,standard,20.0,1.0,0.4,robot25-sidecar,3.629263873178522,0.035311892704649975,57.82437387439838,4.967044286880705,0.0,0.0,0.3564,0.018119050747762704,2.0278,0.013479614237803451,1.3794000000000002,0.02425489641288986
32,continuous,standard,20.0,1.0,0.4,robot26-sidecar,3.610488698875867,0.08024422361401447,61.81788429089646,4.772768237045927,0.0,0.0,0.35660000000000003,0.04022809963197367,2.0631999999999997,0.053504205442189326,1.4364,0.0862919463217742
32,continuous,standard,20.0,1.0,0.4,robot27-sidecar,3.5728403530951267,0.07745474959885272,59.5752025861113,3.3705390121368546,0.0,0.0,0.3506,0.01680178561939177,2.0248,0.02554799405041427,1.3714000000000002,0.040228099631973775
32,continuous,standard,20.0,1.0,0.4,robot28-sidecar,3.52768558186496,0.07185238248002984,62.09305930060469,4.93303343453399,0.0,0.0,0.35540000000000005,0.024744696401451386,2.0327999999999995,0.0440590512834763,1.3828,0.07209160838821663
32,continuous,standard,20.0,1.0,0.4,robot29-sidecar,3.609503367813219,0.06824725927005645,60.8174096174573,4.375459482785504,0.0,0.0,0.35340000000000005,0.023922792479140063,2.035,0.026532998322843653,1.3878,0.047166725559444934
32,continuous,standard,20.0,1.0,0.4,robot3-sidecar,3.7057281125110073,0.06335814898850411,61.835744758856606,5.650938607964081,0.0,0.0,0.34080000000000005,0.02656501458685842,2.1144,0.06296268736323081,1.5086,0.09875373410661498
32,continuous,standard,20.0,1.0,0.4,robot30-sidecar,3.5972870672255857,0.04640893818364523,61.237704393727675,2.443662356121272,0.0,0.0,0.344,0.014696938456699,2.0244000000000004,0.023340951137432443,1.3745999999999998,0.04289288985368087
32,continuous,standard,20.0,1.0,0.4,robot31-sidecar,3.58651529265642,0.035604466456753976,61.080156342182896,1.853638628686118,0.0,0.0,0.3454,0.015224979474534592,2.0360000000000005,0.013656500283747642,1.3941999999999999,0.018820201911775383
32,continuous,standard,20.0,1.0,0.4,robot32-sidecar,3.6012652150287225,0.07220322678770427,60.30617935047796,2.314822638533407,0.0,0.0,0.3518,0.02677125323924902,2.0161999999999995,0.019201562436426636,1.3649999999999998,0.03617319449537189
32,continuous,standard,20.0,1.0,0.4,robot4-sidecar,3.740432206068268,0.03235396596308397,65.66115549936788,2.2354016305075266,0.0,0.0,0.33399999999999996,0.013838352503098098,2.1592,0.0235308308395603,1.5892,0.0389191469587913
32,continuous,standard,20.0,1.0,0.4,robot5-sidecar,3.7906311582700964,0.02817130212203756,60.95098174280476,3.9662841146642096,0.0,0.0,0.35259999999999997,0.0366715148309965,2.1419999999999995,0.02829310870159059,1.5628,0.051353675623075044
32,continuous,standard,20.0,1.0,0.4,robot6-sidecar,3.7676939001264222,0.05563608174610332,60.24737752844501,4.61922761375629,0.0,0.0,0.55,0.4838636171484688,2.1204,0.05108130773580497,1.5262,0.08441386142097751
32,continuous,standard,20.0,1.0,0.4,robot7-sidecar,3.8346003476611883,0.07753097424031327,64.17529013906447,1.3945573897193255,0.0,0.0,0.35700000000000004,0.022214859891523112,2.1540000000000004,0.06662957301379015,1.5757999999999999,0.11094007391380278
32,continuous,standard,20.0,1.0,0.4,robot8-sidecar,3.6987068584070797,0.10157792108838037,62.773824747155494,3.266707198594972,0.0,0.0,0.3482,0.03823218539398452,2.1100000000000003,0.07755320754166121,1.5108,0.12253652516698835
32,continuous,standard,20.0,1.0,0.4,robot9-sidecar,3.737269585483081,0.015587841124202547,62.273454214644474,5.757436404410454,0.0,0.0,0.3556,0.04189033301371571,2.1348,0.03591239340394924,1.5507999999999997,0.05688760849253545
32,continuous,standard,20.0,1.0,0.4,secaas,13.655322580645162,0.4517407221192389,64.43309677419356,0.4722714452813113,0.0,0.0,25.164,0.018234582528810116,1.8072000000000004,0.008757853618324552,2.0518,0.0022803508501982738
32,startup,,,,,robot1-sidecar,3.370646167557932,0.2026333815195768,58.09660962566845,8.128549069897518,0.0,0.0,0.025600000000000005,0.004669047011971501,0.17059999999999997,0.033930811956096776,0.1028,0.040201990000496235
32,startup,,,,,robot10-sidecar,4.0383992424242425,0.13913372522363165,62.77827575757576,14.46816284126714,0.0,0.0,0.021600000000000005,0.003435112807463528,0.1984,0.05021254823248863,0.1586,0.04930821432580988
32,startup,,,,,robot11-sidecar,3.531458333333333,0.32326136128394717,67.14021590909091,11.449079286602869,0.0,0.0,0.022400000000000003,0.005079370039680113,0.1734,0.036322169538726606,0.1152,0.041408936233619915
32,startup,,,,,robot12-sidecar,3.7211696969696972,0.41150885856749475,67.13761818181818,11.424013946344822,0.0,0.0,0.021600000000000005,0.003435112807463528,0.17760000000000004,0.03500428545192715,0.12320000000000002,0.04242287118996072
32,startup,,,,,robot13-sidecar,3.6763598484848488,0.442937724235675,60.19621969696969,9.870046502554095,0.0,0.0,0.022400000000000003,0.005079370039680113,0.183,0.06270167461878512,0.1312,0.07326458899086244
32,startup,,,,,robot14-sidecar,3.6962537878787876,0.5186866290936446,63.54908333333333,9.231099634201456,0.0,0.0,0.022400000000000003,0.005079370039680113,0.17779999999999996,0.05225131577290665,0.12260000000000001,0.07100563357931539
32,startup,,,,,robot15-sidecar,3.5854715617715613,0.4205253060426465,66.78374685314685,11.345191131285818,0.0,0.0,0.022400000000000003,0.005079370039680113,0.17959999999999998,0.035767303504737405,0.12360000000000002,0.04238277952187656
32,startup,,,,,robot16-sidecar,3.7072045454545455,0.5434036348153904,64.5967037878788,9.044991829688119,0.0,0.0,0.021600000000000005,0.003435112807463528,0.18880000000000002,0.04844274971551468,0.1408,0.0593312733724804
32,startup,,,,,robot17-sidecar,3.6568790792540797,0.46070309189664943,62.84177972027972,10.172820459833172,0.0,0.0,0.0218,0.0032710854467592272,0.18419999999999997,0.04699680840227342,0.1326,0.06272399859702825
32,startup,,,,,robot18-sidecar,3.5650606060606065,0.32900199615757014,71.70968939393939,8.575216705257406,0.0,0.0,0.0218,0.0032710854467592272,0.17699999999999996,0.057423862635667434,0.122,0.061020488362516376
32,startup,,,,,robot19-sidecar,3.6645552447552445,0.3774219419944149,67.00205524475525,7.9982308794440575,0.0,0.0,0.0218,0.0032710854467592272,0.1904,0.06194594417716142,0.1416,0.07226894215359732
32,startup,,,,,robot2-sidecar,3.7503986013986017,0.4017106417300914,58.972424825174826,11.57173532551209,0.0,0.0,0.025000000000000005,0.00744983221287566,0.17960000000000004,0.024905822612393234,0.1242,0.020462160198766913
32,startup,,,,,robot20-sidecar,3.4928540209790206,0.267074181733722,60.2609125874126,9.741200402158531,0.0,0.0,0.0226,0.0049295030175464955,0.17680000000000004,0.05525124432987912,0.1212,0.058392636522082125
32,startup,,,,,robot21-sidecar,3.747757575757576,0.4607245368212998,67.0179696969697,7.949668102734914,0.0,0.0,0.0226,0.0049295030175464955,0.18960000000000002,0.06175192304697887,0.14140000000000003,0.07213390326330607
32,startup,,,,,robot22-sidecar,3.6484525058275055,0.4051062158140842,62.704427738927734,14.446294100728588,0.0,0.0,0.0226,0.0049295030175464955,0.18380000000000002,0.06931954991198369,0.1318,0.08021346520379236
32,startup,,,,,robot23-sidecar,3.4470040792540795,0.3991805669662145,60.40746416083916,11.182264938559454,0.0,0.0,0.0226,0.0049295030175464955,0.17719999999999997,0.07000857090385434,0.12160000000000001,0.07841747254279496
32,startup,,,,,robot24-sidecar,3.8711666666666664,0.2818149519202336,63.95779166666667,12.496132281677836,0.0,0.0,0.0226,0.0049295030175464955,0.19940000000000002,0.05628321241720306,0.15819999999999998,0.060367209642321555
32,startup,,,,,robot25-sidecar,3.4731177156177155,0.3120265252154755,70.55471037296037,9.334158048483282,0.0,0.0,0.0226,0.0049295030175464955,0.1778,0.05758645674114704,0.1214,0.06000666629633741
32,startup,,,,,robot26-sidecar,3.4914513403263405,0.3838359728949809,70.9948414918415,9.534242372429002,0.0,0.0,0.0226,0.0049295030175464955,0.178,0.05742821606144492,0.12180000000000002,0.05984312826047782
32,startup,,,,,robot27-sidecar,3.461715909090909,0.4325010979957879,61.2262398018648,11.079641617418897,0.0,0.0,0.0226,0.0049295030175464955,0.1768,0.07027588491082837,0.12020000000000002,0.07874452361910637
32,startup,,,,,robot28-sidecar,3.7896730769230773,0.3478853178825733,63.54888578088578,12.814625549858592,0.0,0.0,0.0226,0.0049295030175464955,0.20060000000000003,0.05676090203652512,0.1588,0.0608908860175314
32,startup,,,,,robot29-sidecar,3.496331876456877,0.5102203561617019,61.10578846153847,10.480187577922177,0.0,0.0,0.0226,0.0049295030175464955,0.17660000000000003,0.06823708669045005,0.11960000000000004,0.07791212999270397
32,startup,,,,,robot3-sidecar,3.7496250000000004,0.27420973627494566,69.59350757575757,11.115450305362783,0.0,0.0,0.025000000000000005,0.005612486080160908,0.19580000000000003,0.031578473680657804,0.14780000000000001,0.0338703410080265
32,startup,,,,,robot30-sidecar,3.6076756993006995,0.41129954235503696,63.031298659673666,13.302200468844978,0.0,0.0,0.022000000000000002,0.003391164991562631,0.18419999999999997,0.0655492181494181,0.1318,0.07263745590258516
32,startup,,,,,robot31-sidecar,3.5529895104895104,0.3491637426892479,63.33351952214453,12.489276325827095,0.0,0.0,0.0226,0.0049295030175464955,0.1842,0.06524339046983989,0.1316,0.07235882807232304
32,startup,,,,,robot32-sidecar,3.515421212121212,0.3593433820921758,62.50455454545454,14.633217680730496,0.0,0.0,0.0226,0.0049295030175464955,0.1778,0.07110696168449333,0.12180000000000002,0.08092712771376483
32,startup,,,,,robot4-sidecar,3.619776515151515,0.3780120711467052,58.7039053030303,11.867146674413705,0.0,0.0,0.023400000000000004,0.00450555213042752,0.17020000000000005,0.037218275080932985,0.10899999999999999,0.0437835585579793
32,startup,,,,,robot5-sidecar,3.783412878787879,0.4420472365814097,58.76643560606061,11.866887452196643,0.0,0.0,0.022600000000000002,0.00492950301754649,0.17439999999999997,0.025402755756019895,0.1186,0.02973718211263469
32,startup,,,,,robot6-sidecar,3.5670795454545456,0.33286302166684417,59.747867424242415,11.697891929087493,0.0,0.0,0.022600000000000002,0.0028809720581775807,0.1628,0.03603748048906864,0.09960000000000001,0.03641840194187547
32,startup,,,,,robot7-sidecar,3.5232689393939394,0.43386546093411854,52.188977272727264,9.497586640907759,0.0,0.0,0.022600000000000002,0.00492950301754649,0.164,0.04219597137168428,0.1032,0.050335871900663444
32,startup,,,,,robot8-sidecar,3.383147727272727,0.35261695882916,55.3868106060606,8.451040724138739,0.0,0.0,0.022600000000000002,0.00492950301754649,0.15799999999999997,0.028626910416599205,0.092,0.03585387008399511
32,startup,,,,,robot9-sidecar,3.448340909090909,0.3678057028739153,55.53949242424242,8.786658276970329,0.0,0.0,0.022400000000000003,0.003130495168499699,0.15919999999999995,0.029175332046096732,0.09280000000000001,0.03679266231193388
32,startup,,,,,secaas,21.39475518925519,2.6338006039166717,63.612357753357756,0.20583187054989915,0.0,0.0,2.3094,0.7840585437325455,0.30539999999999995,0.012218837915284678,0.3544,0.015192103211866372
64,continuous,standard,20.0,1.0,0.4,robot1-sidecar,4.623547843891186,1.1513494497368943,53.0223069325025,4.761696438974939,0.0,0.0,0.7938000000000001,0.6637301409458516,3.6593999999999993,1.1113619122500107,3.0211999999999994,1.788638923874799
64,continuous,standard,20.0,1.0,0.4,robot10-sidecar,4.2777304700567145,0.4262908682136841,57.91814960107661,1.866943973905087,0.0,0.0,0.3548,0.034069047535849904,3.2939999999999996,0.44098582743666503,2.4372,0.7257931523512745
64,continuous,standard,20.0,1.0,0.4,robot11-sidecar,4.426781088373829,0.7863568394373911,53.21105279789201,4.092607299254851,0.0,0.0,0.6448,0.47412308528482355,3.4082,0.6883049469530205,2.628,1.116370010346032
64,continuous,standard,20.0,1.0,0.4,robot12-sidecar,4.6196921865160565,1.2023723170028542,53.65313829213316,4.5088035208269055,0.0,0.0,0.6380000000000001,0.6600454529803232,3.6794,1.2084669213511805,3.0596000000000005,1.9432694872302192
64,continuous,standard,20.0,1.0,0.4,robot13-sidecar,4.700830693031611,1.1124413381123541,53.45629804358848,4.68939082247908,0.0,0.0,0.8416,0.7129654970613937,3.6470000000000007,1.0968557334490254,3.0105999999999997,1.7671598116752203
64,continuous,standard,20.0,1.0,0.4,robot14-sidecar,4.114649978473575,0.12672364116097953,54.601041318830916,4.622734175984401,0.0,0.0,0.6354000000000001,0.6605647583696848,3.1195999999999997,0.09416368726850037,2.1848,0.16912184956415321
64,continuous,standard,20.0,1.0,0.4,robot15-sidecar,4.494379414640493,0.9149843638628317,50.958589105512495,3.5723485295352964,0.0,0.0,0.4878,0.32010420178435656,3.5067999999999997,0.8493192568168941,2.7882,1.3737824427470313
64,continuous,standard,20.0,1.0,0.4,robot16-sidecar,4.604864998482715,0.5878955863235031,51.33927393579906,3.6950349954435446,0.0,0.0,0.49460000000000004,0.3209584085204811,3.515199999999999,0.5179635122284194,2.7934,0.8423688621975532
64,continuous,standard,20.0,1.0,0.4,robot17-sidecar,4.273190584427946,0.2795890301302033,54.26481626879878,1.2394007554805515,0.0,0.0,0.35459999999999997,0.022052210773525618,3.2538000000000005,0.2620099234761921,2.3844,0.443255908026052
64,continuous,standard,20.0,1.0,0.4,robot18-sidecar,4.879134994656519,1.13062854574669,52.73959634909236,5.273403703654987,0.0,0.0,0.34540000000000004,0.02657630523605566,3.8152,1.099625936398374,3.2855999999999996,1.7731928265138008
64,continuous,standard,20.0,1.0,0.4,robot19-sidecar,4.826512140248862,1.1202999397002655,52.16328333016054,4.612305087720482,0.0,0.0,0.8618,0.729777500338288,3.7857999999999996,1.1320767200150352,3.2421999999999995,1.8332719929132177
64,continuous,standard,20.0,1.0,0.4,robot2-sidecar,4.539594330858557,0.5207449385329009,55.31105899486008,2.250125939936495,0.0,0.0,0.6376000000000001,0.6577783061184065,3.5453999999999994,0.5000802935529453,2.8318000000000003,0.8097179755939716
64,continuous,standard,20.0,1.0,0.4,robot20-sidecar,4.758395865219875,1.4593625754389519,51.53687237007424,4.102588164159923,0.0,0.0,0.4138,0.15756966713171666,3.8077999999999994,1.5073661466279513,3.2646,2.420528413384152
64,continuous,standard,20.0,1.0,0.4,robot21-sidecar,4.593502203389956,0.892785570321998,51.827147884234456,3.2034408781507504,0.0,0.0,0.6222,0.6376089710786699,3.5954,0.8492451353996681,2.9345999999999997,1.3793528555086982
64,continuous,standard,20.0,1.0,0.4,robot22-sidecar,4.353618061355081,0.6304935596518193,56.68594477568014,4.122645979010987,0.0,0.0,0.4168000000000001,0.159157783347218,3.4082,0.6418646274721793,2.626,1.0467432827584804
64,continuous,standard,20.0,1.0,0.4,robot23-sidecar,4.369732287782748,0.7365012118185578,51.83071541749835,4.109634141602187,0.0,0.0,0.5766,0.5038951279780348,3.3560000000000003,0.635879312448518,2.5496,1.0398027697597272
64,continuous,standard,20.0,1.0,0.4,robot24-sidecar,4.199334986439821,0.4069926505342055,52.305860621356246,3.1306634914430655,0.0,0.0,0.35500000000000004,0.014662878298615187,3.2723999999999998,0.34139756882555594,2.4134,0.5706319304069831
64,continuous,standard,20.0,1.0,0.4,robot25-sidecar,4.248513684514083,0.6604903615983212,53.26520318976615,3.9812039246822195,0.0,0.0,0.3458,0.023931151246858157,3.2664,0.6036363143483001,2.4194000000000004,0.9954312130930999
64,continuous,standard,20.0,1.0,0.4,robot26-sidecar,4.513435156148396,1.1094220321969877,54.12667682387998,6.110216981293844,0.0,0.0,0.3418,0.018240065789355057,3.5211999999999994,1.047948328878862,2.8210000000000006,1.7029450960028039
64,continuous,standard,20.0,1.0,0.4,robot27-sidecar,4.368990092299921,0.7528771109836491,51.92522250376494,2.9935727475162874,0.0,0.0,0.34700000000000003,0.02689795531262555,3.3774,0.6044876342821246,2.5856000000000003,0.9872316344202107
64,continuous,standard,20.0,1.0,0.4,robot28-sidecar,4.328825348155604,0.7684211767559157,54.1578162501767,5.071288158222352,0.0,0.0,0.48460000000000003,0.2921049468940914,3.3766000000000007,0.7114620861296822,2.5761999999999996,1.1641304480168881
64,continuous,standard,20.0,1.0,0.4,robot29-sidecar,4.396060777371855,0.6513423913965349,52.195527329321166,3.890294333674659,0.0,0.0,0.7450000000000001,0.6309972266183108,3.3676000000000004,0.6036305161272083,2.5658000000000003,0.9771180583737051
64,continuous,standard,20.0,1.0,0.4,robot3-sidecar,4.531939480843573,0.7954227509374767,54.336292878713344,2.3055922780373357,0.0,0.0,0.3548,0.02816380656090372,3.5688000000000004,0.8472486057822701,2.8808,1.3580536440067452
64,continuous,standard,20.0,1.0,0.4,robot30-sidecar,4.724136112622113,1.5295937555001438,51.674762075419416,4.079323170191801,0.0,0.0,0.3422,0.03235274331490299,3.7620000000000005,1.540034739867903,3.1814,2.471452771144939
64,continuous,standard,20.0,1.0,0.4,robot31-sidecar,4.506658333663178,0.6553573962824808,52.50151651126278,2.881473339117043,0.0,0.0,0.48100000000000004,0.31272272063283163,3.511,0.623344206678782,2.7879999999999994,1.0162846550056728
64,continuous,standard,20.0,1.0,0.4,robot32-sidecar,4.688293337140681,1.266589572221007,52.729694197601376,2.74753662520517,0.0,0.0,0.6476,0.6717330570993213,3.7322,1.2763740439228621,3.1348,2.0489926061360006
64,continuous,standard,20.0,1.0,0.4,robot33-sidecar,4.24969146464161,0.7259329613840929,54.73689236196949,2.366240354943151,0.0,0.0,0.2824,0.14076150041826066,3.2774,0.6103923328483083,2.4463999999999997,1.0404918548455828
64,continuous,standard,20.0,1.0,0.4,robot34-sidecar,4.297828053464398,0.8883025132980469,54.369862720754085,4.059749914683522,0.0,0.0,0.45099999999999996,0.3978322510807791,3.2833999999999994,0.7017594317143163,2.5163999999999995,1.3226223194850448
64,continuous,standard,20.0,1.0,0.4,robot35-sidecar,4.474431126607806,0.9401520754797253,53.6956954510985,4.113493805165979,0.0,0.0,0.36319999999999997,0.24328625115283437,3.3971999999999993,0.7668032342133156,2.6659999999999995,1.3475900712011797
64,continuous,standard,20.0,1.0,0.4,robot36-sidecar,4.067235037442066,0.3073935340203051,54.08205641042459,3.7889257074620435,0.0,0.0,0.4236000000000001,0.36774284493379333,3.1168,0.20301773321559885,2.1694000000000004,0.386502005169443
64,continuous,standard,20.0,1.0,0.4,robot37-sidecar,4.3408069097600785,0.8199458994871373,53.70942174457309,2.848680564617095,0.0,0.0,0.4922000000000001,0.38939915254145074,3.3939999999999997,0.6842185323418246,2.6122000000000005,1.14714807239519
64,continuous,standard,20.0,1.0,0.4,robot38-sidecar,4.360262737332556,1.171086292903538,53.364270720248484,5.588053808821198,0.0,0.0,0.2858,0.14534338650244805,3.3636000000000004,0.9775542440192255,2.593,1.6619330612271963
64,continuous,standard,20.0,1.0,0.4,robot39-sidecar,4.067962474776318,0.20531395454207532,56.13638014467923,5.94612317363688,0.0,0.0,0.4366,0.39623389557179484,3.0718000000000005,0.12653339480153075,2.1104,0.26057398181706476
64,continuous,standard,20.0,1.0,0.4,robot4-sidecar,4.478526996699669,1.0457155952623571,54.8849431566686,5.424720552499805,0.0,0.0,0.5418000000000001,0.4607436380461482,3.4556000000000004,1.0071989872909917,2.7084,1.637979181796887
64,continuous,standard,20.0,1.0,0.4,robot40-sidecar,4.273185789167153,0.6084521483277172,55.957656781207525,1.915861807942122,0.0,0.0,0.5128,0.5649762826880436,3.3378,0.5066672478066845,2.5229999999999997,0.8530975911348009
64,continuous,standard,20.0,1.0,0.4,robot41-sidecar,4.237995235046063,0.6166692482496048,56.05825264639543,2.254986602392208,0.0,0.0,0.5391999999999999,0.527939579876334,3.1910000000000003,0.4166359321998047,2.3668000000000005,0.7886388273474746
64,continuous,standard,20.0,1.0,0.4,robot42-sidecar,4.312929772181102,0.8564558268756871,53.38100939536672,5.897890047265957,0.0,0.0,0.37679999999999997,0.2535669536828488,3.3506,0.779756564576407,2.5432,1.3101981529524456
64,continuous,standard,20.0,1.0,0.4,robot43-sidecar,4.643686228821626,0.717913824736912,56.38501337521417,5.886574116757015,0.0,0.0,0.29359999999999997,0.14945835540377128,3.607,0.5929814499628131,2.9530000000000003,0.9927149641261583
64,continuous,standard,20.0,1.0,0.4,robot44-sidecar,4.077254433656958,0.5465469454862586,55.58284347610889,3.1269740519202864,0.0,0.0,0.2866,0.14636358836814573,3.1222,0.41107444581243463,2.2106000000000003,0.7630172344056191
64,continuous,standard,20.0,1.0,0.4,robot45-sidecar,4.582478541785646,0.45738953372391344,52.65634242528078,2.2129667381445257,0.0,0.0,0.36500000000000005,0.24253144126071574,3.4878,0.36217081605231566,2.766,0.5354049869024385
64,continuous,standard,20.0,1.0,0.4,robot46-sidecar,4.072863941962443,0.5651021072455362,57.27884100121948,3.4678246733666254,0.0,0.0,0.28959999999999997,0.14491307739469203,3.1226000000000003,0.43124389850756184,2.1836,0.7525585027092575
64,continuous,standard,20.0,1.0,0.4,robot47-sidecar,4.30593496423543,1.170099751206903,55.29847229011993,5.849126195830991,0.0,0.0,0.5092000000000001,0.5618444624626998,3.3414,1.029450727329871,2.5454,1.719267227629259
64,continuous,standard,20.0,1.0,0.4,robot48-sidecar,4.064506988934188,0.6054254078219984,57.95845033197438,3.1982181414947934,0.0,0.0,0.36319999999999997,0.24090288499725362,3.1474,0.5395148746790953,2.2202,0.9220125812590627
64,continuous,standard,20.0,1.0,0.4,robot49-sidecar,3.802044831524843,0.15445993570526184,58.76865386636208,4.942136352797591,0.0,0.0,0.28300000000000003,0.13730076474659567,2.893,0.14548711283134336,1.8219999999999998,0.19847795847398253
64,continuous,standard,20.0,1.0,0.4,robot5-sidecar,4.726400468303827,0.5154562244864238,54.28035324957167,3.176628758042678,0.0,0.0,0.47759999999999997,0.3064690849009081,3.6150000000000007,0.4460919187790788,2.9463999999999997,0.7234112246848257
64,continuous,standard,20.0,1.0,0.4,robot50-sidecar,3.9755172628627795,0.4146134687166348,59.340584693306575,5.285616161018942,0.0,0.0,0.4508,0.4147399185031506,3.0987999999999998,0.36806208715378474,2.1344000000000003,0.6526781749070516
64,continuous,standard,20.0,1.0,0.4,robot51-sidecar,4.192458704693999,0.9530620803986363,56.74081164587047,5.462747763819624,0.0,0.0,0.29080000000000006,0.15001566584860396,3.2629999999999995,0.8686987394948839,2.3991999999999996,1.4424630671181846
64,continuous,standard,20.0,1.0,0.4,robot52-sidecar,4.244612088330478,0.7442963064218006,58.84430863125833,4.793438189475317,0.0,0.0,0.5038,0.5519082351260942,3.2581999999999995,0.5795374880022867,2.3932,0.9662627489456479
64,continuous,standard,20.0,1.0,0.4,robot53-sidecar,4.177924519322292,0.7175404518929202,57.04929355796687,6.005512670245527,0.0,0.0,0.5052,0.5554648503730907,3.2252,0.5971169902121353,2.3370000000000006,0.9996879513128082
64,continuous,standard,20.0,1.0,0.4,robot54-sidecar,4.042497368442726,0.6015871694593987,60.14313727713947,4.291382594923391,0.0,0.0,0.5878,0.5572546096713781,3.0965999999999996,0.53166888191806,2.1478,0.9180875230608466
64,continuous,standard,20.0,1.0,0.4,robot55-sidecar,4.097086598134399,0.9380953201233706,60.73825811536265,5.9616436846021745,0.0,0.0,0.5812,0.5507750902137823,3.1652,0.7607017812520228,2.2662,1.3225273910206927
64,continuous,standard,20.0,1.0,0.4,robot56-sidecar,3.87025128520619,0.33457910032373633,62.45978450062482,3.7478870415465484,0.0,0.0,0.3658,0.2512423133152535,2.9564,0.2228481545806473,1.9068,0.4252254696040678
64,continuous,standard,20.0,1.0,0.4,robot57-sidecar,3.622451387778412,0.15695775954112526,65.37085222920237,5.008438583110794,0.0,0.0,0.5086,0.4083764194955434,2.7423999999999995,0.16204104418325593,1.5854000000000004,0.1816901208101311
64,continuous,standard,20.0,1.0,0.4,robot58-sidecar,4.221221515324577,1.211241044957302,58.38245027603275,6.234686921539286,0.0,0.0,0.2758,0.14681518994981413,3.3378,1.0984212306761012,2.5154000000000005,1.807977820660419
64,continuous,standard,20.0,1.0,0.4,robot59-sidecar,3.718477064612253,0.11612958449858887,63.00798007358283,2.064324314399304,0.0,0.0,0.2992,0.14639911201916495,2.8786,0.05632317462643581,1.7850000000000001,0.15983741739655297
64,continuous,standard,20.0,1.0,0.4,robot6-sidecar,4.550656888704291,0.9909143096727916,54.89522936965312,3.5466750421943325,0.0,0.0,0.3436,0.04316595881015506,3.5463999999999998,0.9570017241363777,2.8646000000000003,1.5545850893405606
64,continuous,standard,20.0,1.0,0.4,robot60-sidecar,4.010733359796288,0.6475498870811691,59.501030081857984,4.913489237987845,0.0,0.0,0.2976,0.15037885489655783,3.1268000000000002,0.5466495220888793,2.1794,0.933804208600497
64,continuous,standard,20.0,1.0,0.4,robot61-sidecar,4.07823186580794,0.8207114068159697,62.232134147841975,4.027016740912935,0.0,0.0,0.28419999999999995,0.14680837850749529,3.193600000000001,0.7640067408079592,2.2840000000000003,1.2793988822880844
64,continuous,standard,20.0,1.0,0.4,robot62-sidecar,4.144793853696049,0.7623562461431074,56.116614136306836,5.0648115859169875,0.0,0.0,0.5838,0.5621162691116492,3.2042,0.6019274873271694,2.3026000000000004,1.0198042949507515
64,continuous,standard,20.0,1.0,0.4,robot63-sidecar,3.943201568627451,0.6476129994047972,63.00780431372549,4.143533507092131,0.0,0.0,0.36,0.24716189026627872,3.0957999999999997,0.5402936238750187,2.1282000000000005,0.926555287071419
64,continuous,standard,20.0,1.0,0.4,robot64-sidecar,3.9061550282955197,0.41374203381743285,58.65488227217925,4.68243273833841,0.0,0.0,0.3432,0.23657599201947774,3.0262000000000007,0.3137478286777454,2.0208,0.546990127881665
64,continuous,standard,20.0,1.0,0.4,robot7-sidecar,4.658542363383111,1.256098313741333,53.89088354011758,4.05664192402839,0.0,0.0,0.3393999999999999,0.018433664855367144,3.6426000000000003,1.1897875020355528,2.9984,1.9106638375182585
64,continuous,standard,20.0,1.0,0.4,robot8-sidecar,4.610475427374833,0.7154368759970511,52.77166730249381,3.910898648917604,0.0,0.0,0.3402,0.014498275759551612,3.5598,0.6966553667345143,2.879,1.132578032631748
64,continuous,standard,20.0,1.0,0.4,robot9-sidecar,4.7366920426423,0.9020438112581544,55.579493801637156,3.8168446737644164,0.0,0.0,0.5456,0.31025038275560596,3.6079999999999997,0.7933404061309364,2.9562000000000004,1.2775410756605834
64,continuous,standard,20.0,1.0,0.4,secaas,27.162442696039864,1.1915962406105443,65.6086189352216,1.0336842509642563,0.0,0.0,96.27199999999999,0.25729360660535266,3.5028000000000006,0.04533431371488939,3.7616,0.0076354436675283785
64,startup,,,,,robot1-sidecar,3.824697619047619,0.6425426463739952,59.51849285714286,7.975733603135925,0.0,0.0,0.03899999999999999,0.0028284271247461888,0.4062,0.06552251521423756,0.262,0.11653754759733018
64,startup,,,,,robot10-sidecar,4.036128571428572,0.41935140693019163,58.75464047619048,6.334681489614001,0.0,0.0,0.032600000000000004,0.004560701700396549,0.4138,0.0748411651432553,0.2904,0.10843800071930502
64,startup,,,,,robot11-sidecar,3.761297619047619,0.5188986069687016,55.6946107142857,9.755495838365144,0.0,0.0,0.0334,0.0060663003552412316,0.395,0.0870057469366249,0.2544,0.12053547195742838
64,startup,,,,,robot12-sidecar,3.6377130952380954,0.45293117377682734,55.84283333333333,9.75319651601696,0.0,0.0,0.032600000000000004,0.004560701700396549,0.37639999999999996,0.08339244570103456,0.22600000000000006,0.11328503872974567
64,startup,,,,,robot13-sidecar,3.4903378205128206,0.530952723103655,68.8216314102564,11.434001536050594,0.0,0.0,0.0398,0.014254823744964366,0.35800000000000004,0.053930510844975375,0.1992,0.09113561323653886
64,startup,,,,,robot14-sidecar,3.705475,0.5119778886099021,57.27768928571429,7.075187979352635,0.0,0.0,0.0334,0.0060663003552412316,0.38880000000000003,0.06052024454676301,0.24599999999999994,0.09386160024205849
64,startup,,,,,robot15-sidecar,3.7861249999999997,0.5287199246108998,55.64405119047619,9.657634002281865,0.0,0.0,0.0334,0.0060663003552412316,0.39380000000000004,0.08929277686352918,0.25439999999999996,0.1232894967140348
64,startup,,,,,robot16-sidecar,3.9078333333333335,0.4823863711913006,56.49946547619047,10.115273975384332,0.0,0.0,0.032600000000000004,0.004560701700396549,0.417,0.07335870773125719,0.2906,0.10693596214557566
64,startup,,,,,robot17-sidecar,3.9744916666666668,0.5877389469753274,58.61348214285714,6.3760546607064645,0.0,0.0,0.032600000000000004,0.004560701700396549,0.41819999999999996,0.07640157066448307,0.2914,0.10929455613158418
64,startup,,,,,robot18-sidecar,3.9381619047619045,0.38102341540107504,57.17208452380952,9.220700346493519,0.0,0.0,0.0334,0.0060663003552412316,0.4126,0.03193430757038577,0.28480000000000005,0.053494859566130336
64,startup,,,,,robot19-sidecar,3.7226903846153845,0.29367414938641395,63.76136217948717,4.294111543910211,0.0,0.0,0.0334,0.0060663003552412316,0.3984,0.0324006172780705,0.2659999999999999,0.05705698905480373
64,startup,,,,,robot2-sidecar,4.01775,0.38774819112695064,55.869032142857144,9.590257690600922,0.0,0.0,0.032600000000000004,0.004560701700396549,0.42219999999999996,0.06275906309052105,0.3004,0.0909604309576422
64,startup,,,,,robot20-sidecar,3.611760714285714,0.6406823415850305,60.64463333333333,7.931398565196431,0.0,0.0,0.0334,0.0060663003552412316,0.37239999999999995,0.07677760090026269,0.2184,0.12207088104867601
64,startup,,,,,robot21-sidecar,3.676243315018315,0.5395587216251894,64.36138836996336,8.424760867178607,0.0,0.0,0.0334,0.0060663003552412316,0.38820000000000005,0.06061105509723455,0.24419999999999997,0.09447063035674104
64,startup,,,,,robot22-sidecar,4.046135714285715,0.2534509063568455,59.871496428571426,5.323744643885343,0.0,0.0,0.032600000000000004,0.004560701700396549,0.434,0.03151983502494903,0.3226,0.0457197987747103
64,startup,,,,,robot23-sidecar,3.998927380952381,0.6315550914631316,55.99255238095238,11.50713248610767,0.0,0.0,0.0476,0.03319337283253993,0.4064,0.058487605524589474,0.276,0.09810453608269092
64,startup,,,,,robot24-sidecar,3.775217857142857,0.3916911935890367,56.50482976190476,9.665592412113789,0.0,0.0,0.032600000000000004,0.004560701700396549,0.41100000000000014,0.07622663576467209,0.2766,0.09662194367740695
64,startup,,,,,robot25-sidecar,3.9404142857142856,0.401142398154245,57.475964285714284,8.974437677441164,0.0,0.0,0.05700000000000001,0.049436828377233115,0.41320000000000007,0.03096288100290416,0.2852,0.055782613778846954
64,startup,,,,,robot26-sidecar,3.841967857142857,0.3606713386837141,64.26914404761905,4.476339785884433,0.0,0.0,0.0334,0.0060663003552412316,0.4066000000000001,0.026406438608793933,0.27419999999999994,0.04105118755894888
64,startup,,,,,robot27-sidecar,3.759925,0.6283270142198799,57.792027380952376,12.410976217419492,0.0,0.0,0.0334,0.0060663003552412316,0.39820000000000005,0.05001199856034551,0.2574,0.09948266180596498
64,startup,,,,,robot28-sidecar,3.7540345238095236,0.3668714199201838,56.76649166666666,9.16608612683512,0.0,0.0,0.0334,0.0060663003552412316,0.4024,0.06950395672190175,0.2646,0.08987380040924055
64,startup,,,,,robot29-sidecar,3.813633333333333,0.7165930941510906,55.45340357142857,9.727003419674924,0.0,0.0,0.0398,0.014254823744964366,0.3972,0.06792054181173762,0.25860000000000005,0.11777436053742767
64,startup,,,,,robot3-sidecar,3.853417857142857,0.4909724512880055,56.9673619047619,11.37279480796875,0.0,0.0,0.0334,0.0060663003552412316,0.39859999999999995,0.08151564267059422,0.2624,0.10995135287935297
64,startup,,,,,robot30-sidecar,3.593297619047619,0.30326443230514266,67.26644642857143,8.119190390443222,0.0,0.0,0.032600000000000004,0.004560701700396549,0.37660000000000016,0.049927948085215716,0.2234,0.06152885501941348
64,startup,,,,,robot31-sidecar,3.8275916666666667,0.42432201281217163,57.625840476190476,9.527202750395162,0.0,0.0,0.032600000000000004,0.004560701700396549,0.4086,0.03576031319773358,0.2762,0.05666303909957527
64,startup,,,,,robot32-sidecar,3.8904250000000005,0.44244789277255864,60.74520952380952,6.195938994208594,0.0,0.0,0.038200000000000005,0.012457929201917949,0.418,0.03617319449537182,0.2932,0.07391346291441092
64,startup,,,,,robot33-sidecar,3.699234210526316,0.4568181103773796,53.38138076441103,11.357918790456152,0.0,0.0,0.034999999999999996,0.007280109889280518,0.3856,0.030549959083442362,0.24079999999999996,0.05799741373544165
64,startup,,,,,robot34-sidecar,3.6980000000000004,0.29248663166923605,58.80572857142856,8.385311466177464,0.0,0.0,0.034999999999999996,0.007280109889280518,0.3922,0.040782349123119455,0.25139999999999996,0.05868389898430405
64,startup,,,,,robot35-sidecar,3.7221488095238096,0.4065516412423914,57.86100595238095,10.57850197595277,0.0,0.0,0.034999999999999996,0.007280109889280518,0.39380000000000004,0.028154928520598258,0.24959999999999996,0.055899910554490125
64,startup,,,,,robot36-sidecar,3.651825,0.3607688128086344,62.54523571428572,5.317317141271888,0.0,0.0,0.033800000000000004,0.005718391382198319,0.39659999999999995,0.049460084917031896,0.2564000000000001,0.07676131838367548
64,startup,,,,,robot37-sidecar,3.5623357142857146,0.37859622189701525,57.50469404761905,8.961311402308006,0.0,0.0,0.0346,0.006188699378706322,0.378,0.05055689863905825,0.22560000000000002,0.07055706910012631
64,startup,,,,,robot38-sidecar,3.618492857142857,0.2795428721596803,58.069691666666664,10.390833465568077,0.0,0.0,0.034999999999999996,0.007280109889280518,0.37639999999999996,0.03900384596421245,0.2226,0.052180456111459946
64,startup,,,,,robot39-sidecar,3.4661369047619046,0.4821834952377034,60.51950357142857,12.938823785585342,0.0,0.0,0.0428,0.017282939564784695,0.365,0.051937462394691554,0.20520000000000005,0.08166823127752922
64,startup,,,,,robot4-sidecar,3.659296428571429,0.6046753994128133,57.40927738095238,7.1282918362157766,0.0,0.0,0.0334,0.0060663003552412316,0.38799999999999996,0.06039867548216599,0.24659999999999993,0.09588691255849255
64,startup,,,,,robot40-sidecar,3.5747369047619046,0.6249645462790073,58.61165714285714,7.810018692518881,0.0,0.0,0.034999999999999996,0.007280109889280518,0.3828000000000001,0.05587217554382505,0.2338,0.10788512409039533
64,startup,,,,,robot41-sidecar,3.4246809523809523,0.3169664198899758,65.93576428571428,8.369320366018913,0.0,0.0,0.034999999999999996,0.007280109889280518,0.36619999999999997,0.03145155004129362,0.20600000000000002,0.0569078202007422
64,startup,,,,,robot42-sidecar,3.658408333333334,0.34405609664748876,64.90759642857142,7.315842311339864,0.0,0.0,0.033800000000000004,0.005718391382198319,0.39380000000000004,0.038408332429304866,0.2506,0.06749666658435807
64,startup,,,,,robot43-sidecar,3.6610035714285716,0.2341330148217786,53.99031666666666,10.277421412563152,0.0,0.0,0.033800000000000004,0.005718391382198319,0.3882,0.06785425557767193,0.2414,0.08056550130173583
64,startup,,,,,robot44-sidecar,3.612552380952381,0.26840094004161213,57.97857738095238,10.261433219834723,0.0,0.0,0.034999999999999996,0.007280109889280518,0.3701999999999999,0.033588688572196476,0.20919999999999997,0.04297906467106981
64,startup,,,,,robot45-sidecar,3.5721130952380955,0.24160375346641258,52.044302380952374,9.396324066477979,0.0,0.0,0.034999999999999996,0.007280109889280518,0.37859999999999994,0.05647831442244002,0.2226,0.056292095359828306
64,startup,,,,,robot46-sidecar,3.4496809523809526,0.475014191043684,65.52638928571429,8.504642893133015,0.0,0.0,0.0356,0.007503332592921628,0.3672,0.05876818867380548,0.2072,0.09105877222980771
64,startup,,,,,robot47-sidecar,3.468793681318681,0.2356537462289039,58.11064505494505,10.229781409407288,0.0,0.0,0.0356,0.007503332592921628,0.3674,0.037219618482730414,0.207,0.03849025850783547
64,startup,,,,,robot48-sidecar,3.4472392857142857,0.3987721860719943,45.530208333333334,4.8760023193387925,0.0,0.0,0.034999999999999996,0.007280109889280518,0.35219999999999996,0.03598193991435145,0.18160000000000004,0.06641385397641068
64,startup,,,,,robot49-sidecar,3.5628797619047616,0.2830607439861589,54.326526190476194,10.176026685808617,0.0,0.0,0.0474,0.02699629604223513,0.38359999999999994,0.05958439392995455,0.23079999999999998,0.07267530529691638
64,startup,,,,,robot5-sidecar,4.064566666666667,0.4598904398513483,52.04501428571429,8.676602876018965,0.0,0.0,0.032600000000000004,0.004560701700396549,0.4182,0.06308882626899955,0.3002,0.09006775227571735
64,startup,,,,,robot50-sidecar,3.604144047619047,0.352487987846343,59.09305357142857,11.737891509290108,0.0,0.0,0.033800000000000004,0.005718391382198319,0.38239999999999996,0.04673114593073884,0.23159999999999997,0.06950035971129935
64,startup,,,,,robot51-sidecar,3.279677380952381,0.3802969591144242,60.65057005494506,12.90972296561473,0.0,0.0,0.0356,0.007503332592921628,0.34940000000000004,0.038849710423631174,0.17839999999999998,0.054893533316776
64,startup,,,,,robot52-sidecar,3.4137547619047615,0.45576912981048673,65.18706666666667,8.596067076770618,0.0,0.0,0.06939999999999999,0.05340692838948895,0.35619999999999996,0.038271399242776546,0.18939999999999999,0.06033489869055884
64,startup,,,,,robot53-sidecar,3.480760714285714,0.35648169725074735,46.73687380952381,9.420404149999072,0.0,0.0,0.0356,0.007503332592921628,0.35699999999999993,0.04099390198553916,0.18999999999999997,0.062497999967998964
64,startup,,,,,robot54-sidecar,3.3935297619047615,0.12191850421286002,57.36054761904761,10.519994496401216,0.0,0.0,0.034999999999999996,0.007280109889280518,0.36,0.03887801435258745,0.1966,0.04277031680967538
64,startup,,,,,robot55-sidecar,3.4300309523809522,0.2678483669990947,58.2179119047619,10.641155506449628,0.0,0.0,0.0356,0.007503332592921628,0.3618,0.040282750650867956,0.19899999999999998,0.043168275388298774
64,startup,,,,,robot56-sidecar,3.3298904761904766,0.17493881713110168,64.33802857142857,13.993736689310376,0.0,0.0,0.034999999999999996,0.007280109889280518,0.3546,0.03691612113968643,0.18519999999999998,0.032529986166612526
64,startup,,,,,robot57-sidecar,3.3487976190476187,0.26717946151266003,66.30176428571428,8.79689831388871,0.0,0.0,0.034999999999999996,0.007280109889280518,0.357,0.03014133374620311,0.18980000000000002,0.04194877828971901
64,startup,,,,,robot58-sidecar,3.317525,0.4060440093142612,48.46608571428571,7.0381363782236965,0.0,0.0,0.034999999999999996,0.007280109889280518,0.34219999999999995,0.035548558339263195,0.16920000000000004,0.05939023488756382
64,startup,,,,,robot59-sidecar,3.2832226190476193,0.16154775489519504,55.01133095238096,11.729927467233589,0.0,0.0,0.034999999999999996,0.007280109889280518,0.35939999999999994,0.0443317042307196,0.19280000000000003,0.039079406341447936
64,startup,,,,,robot6-sidecar,3.724047243107769,0.6082438430128704,64.63113709273183,8.413141220352603,0.0,0.0,0.0334,0.0060663003552412316,0.386,0.059325373997978166,0.24379999999999996,0.09475600244839376
64,startup,,,,,robot60-sidecar,3.406407142857143,0.1358562781630886,55.104036904761905,11.818912649052411,0.0,0.0,0.033800000000000004,0.005718391382198319,0.3585999999999999,0.04520287601469628,0.19180000000000003,0.03879046274537081
64,startup,,,,,robot61-sidecar,3.3665619047619044,0.20110905992129308,54.745110714285715,11.856372579004558,0.0,0.0,0.033800000000000004,0.005718391382198319,0.359,0.04527140377766079,0.1922,0.0394296842493064
64,startup,,,,,robot62-sidecar,3.1397726190476187,0.283398347020269,62.27644523809524,14.078563515094535,0.0,0.0,0.0356,0.007503332592921628,0.3452,0.029575327555244422,0.1708,0.03838228758164371
64,startup,,,,,robot63-sidecar,3.373266666666667,0.1146866459417556,54.947152380952375,12.020677727657437,0.0,0.0,0.034999999999999996,0.007280109889280518,0.36099999999999993,0.048476798574163336,0.19400000000000003,0.04331858723458097
64,startup,,,,,robot64-sidecar,3.2512297619047623,0.333348141826675,50.077446428571434,8.07453698728245,0.0,0.0,0.034999999999999996,0.007280109889280518,0.3396,0.02690353136671848,0.1634,0.04896733605169878
64,startup,,,,,robot7-sidecar,3.7419785714285716,0.6969369005840423,60.491117857142854,7.941023467013777,0.0,0.0,0.0334,0.0060663003552412316,0.3866,0.06715876711197133,0.24219999999999997,0.11061283831454642
64,startup,,,,,robot8-sidecar,3.8091250000000003,0.6474100149291449,64.99715,9.20219276072587,0.0,0.0,0.0334,0.0060663003552412316,0.38380000000000003,0.05956257214056491,0.24219999999999997,0.09422420071298031
64,startup,,,,,robot9-sidecar,3.773965476190476,0.5076369698533078,64.62369404761905,9.60694124555337,0.0,0.0,0.0334,0.0060663003552412316,0.38520000000000004,0.05798016902355486,0.24419999999999997,0.09367870622505416
64,startup,,,,,secaas,27.953093250773993,1.005189358796852,63.944893126934986,0.34093887999660205,0.0,0.0,7.204599999999999,2.2036933316593754,0.6008,0.0019235384061671247,0.6784000000000001,0.0300049995834027
