t_rel_s,wall_iso,pct,completed,total,done_robot1,done_robot2,done_robot3,done_robot4,healthy,event
0.00,2026-06-19T19:41:17Z,0.00,0,32,0,0,0,0,4,mission_start
0.50,2026-06-19T19:41:18Z,0.00,0,32,0,0,0,0,4,
1.00,2026-06-19T19:41:18Z,0.00,0,32,0,0,0,0,4,
1.50,2026-06-19T19:41:19Z,0.00,0,32,0,0,0,0,4,
2.00,2026-06-19T19:41:19Z,0.00,0,32,0,0,0,0,4,
2.50,2026-06-19T19:41:20Z,0.00,0,32,0,0,0,0,4,
3.00,2026-06-19T19:41:20Z,0.00,0,32,0,0,0,0,4,
3.50,2026-06-19T19:41:21Z,0.00,0,32,0,0,0,0,4,
4.00,2026-06-19T19:41:21Z,0.00,0,32,0,0,0,0,4,
4.50,2026-06-19T19:41:22Z,0.00,0,32,0,0,0,0,4,
5.00,2026-06-19T19:41:22Z,0.00,0,32,0,0,0,0,4,
5.50,2026-06-19T19:41:23Z,0.00,0,32,0,0,0,0,4,
6.00,2026-06-19T19:41:23Z,0.00,0,32,0,0,0,0,4,
6.50,2026-06-19T19:41:24Z,0.00,0,32,0,0,0,0,4,
7.00,2026-06-19T19:41:24Z,0.00,0,32,0,0,0,0,4,
7.50,2026-06-19T19:41:25Z,0.00,0,32,0,0,0,0,4,
8.00,2026-06-19T19:41:25Z,0.00,0,32,0,0,0,0,4,
8.50,2026-06-19T19:41:26Z,0.00,0,32,0,0,0,0,4,
9.00,2026-06-19T19:41:26Z,0.00,0,32,0,0,0,0,4,
9.50,2026-06-19T19:41:27Z,0.00,0,32,0,0,0,0,4,
10.00,2026-06-19T19:41:27Z,0.00,0,32,0,0,0,0,4,
10.50,2026-06-19T19:41:28Z,0.00,0,32,0,0,0,0,4,
11.00,2026-06-19T19:41:28Z,0.00,0,32,0,0,0,0,4,
11.50,2026-06-19T19:41:29Z,0.00,0,32,0,0,0,0,4,
12.00,2026-06-19T19:41:29Z,0.00,0,32,0,0,0,0,4,
12.50,2026-06-19T19:41:30Z,0.00,0,32,0,0,0,0,4,
13.00,2026-06-19T19:41:30Z,0.00,0,32,0,0,0,0,4,
13.50,2026-06-19T19:41:31Z,0.00,0,32,0,0,0,0,4,
14.00,2026-06-19T19:41:31Z,0.00,0,32,0,0,0,0,4,
14.50,2026-06-19T19:41:32Z,0.00,0,32,0,0,0,0,4,
15.00,2026-06-19T19:41:32Z,0.00,0,32,0,0,0,0,4,
15.50,2026-06-19T19:41:33Z,0.00,0,32,0,0,0,0,4,
16.00,2026-06-19T19:41:33Z,0.00,0,32,0,0,0,0,4,
16.50,2026-06-19T19:41:34Z,6.25,2,32,1,0,0,1,4,
17.00,2026-06-19T19:41:34Z,6.25,2,32,1,0,0,1,4,
17.50,2026-06-19T19:41:35Z,6.25,2,32,1,0,0,1,4,
18.00,2026-06-19T19:41:35Z,6.25,2,32,1,0,0,1,4,
18.50,2026-06-19T19:41:36Z,12.50,4,32,1,1,1,1,4,
19.00,2026-06-19T19:41:36Z,12.50,4,32,1,1,1,1,4,
19.50,2026-06-19T19:41:37Z,12.50,4,32,1,1,1,1,4,
20.00,2026-06-19T19:41:37Z,12.50,4,32,1,1,1,1,4,
20.50,2026-06-19T19:41:38Z,12.50,4,32,1,1,1,1,4,
21.00,2026-06-19T19:41:38Z,12.50,4,32,1,1,1,1,4,
21.50,2026-06-19T19:41:39Z,12.50,4,32,1,1,1,1,4,
22.00,2026-06-19T19:41:39Z,12.50,4,32,1,1,1,1,4,
22.50,2026-06-19T19:41:40Z,12.50,4,32,1,1,1,1,4,
23.00,2026-06-19T19:41:40Z,12.50,4,32,1,1,1,1,4,
23.50,2026-06-19T19:41:41Z,12.50,4,32,1,1,1,1,4,
24.00,2026-06-19T19:41:41Z,12.50,4,32,1,1,1,1,4,
24.50,2026-06-19T19:41:42Z,12.50,4,32,1,1,1,1,4,
25.00,2026-06-19T19:41:42Z,12.50,4,32,1,1,1,1,4,
25.50,2026-06-19T19:41:43Z,12.50,4,32,1,1,1,1,4,
26.00,2026-06-19T19:41:43Z,12.50,4,32,1,1,1,1,4,
26.50,2026-06-19T19:41:44Z,12.50,4,32,1,1,1,1,4,
27.00,2026-06-19T19:41:44Z,12.50,4,32,1,1,1,1,4,
27.50,2026-06-19T19:41:45Z,12.50,4,32,1,1,1,1,4,
28.00,2026-06-19T19:41:45Z,12.50,4,32,1,1,1,1,4,
28.50,2026-06-19T19:41:46Z,12.50,4,32,1,1,1,1,4,
29.00,2026-06-19T19:41:46Z,12.50,4,32,1,1,1,1,4,
29.50,2026-06-19T19:41:47Z,12.50,4,32,1,1,1,1,4,
30.00,2026-06-19T19:41:47Z,12.50,4,32,1,1,1,1,4,
30.50,2026-06-19T19:41:48Z,12.50,4,32,1,1,1,1,4,
31.00,2026-06-19T19:41:48Z,12.50,4,32,1,1,1,1,4,
31.50,2026-06-19T19:41:49Z,12.50,4,32,1,1,1,1,4,
32.00,2026-06-19T19:41:49Z,12.50,4,32,1,1,1,1,4,
32.50,2026-06-19T19:41:50Z,12.50,4,32,1,1,1,1,4,
33.00,2026-06-19T19:41:50Z,12.50,4,32,1,1,1,1,4,
33.50,2026-06-19T19:41:51Z,12.50,4,32,1,1,1,1,4,
34.00,2026-06-19T19:41:51Z,18.75,6,32,2,1,1,2,4,
34.50,2026-06-19T19:41:52Z,18.75,6,32,2,1,1,2,4,
35.00,2026-06-19T19:41:52Z,18.75,6,32,2,1,1,2,4,
35.50,2026-06-19T19:41:53Z,18.75,6,32,2,1,1,2,4,
36.00,2026-06-19T19:41:53Z,25.00,8,32,2,2,2,2,4,
36.50,2026-06-19T19:41:54Z,25.00,8,32,2,2,2,2,4,
37.00,2026-06-19T19:41:54Z,25.00,8,32,2,2,2,2,4,
37.50,2026-06-19T19:41:55Z,25.00,8,32,2,2,2,2,4,
38.00,2026-06-19T19:41:55Z,25.00,8,32,2,2,2,2,4,
38.50,2026-06-19T19:41:56Z,25.00,8,32,2,2,2,2,4,
39.00,2026-06-19T19:41:56Z,25.00,8,32,2,2,2,2,4,
39.50,2026-06-19T19:41:57Z,25.00,8,32,2,2,2,2,4,
40.00,2026-06-19T19:41:57Z,25.00,8,32,2,2,2,2,4,
40.50,2026-06-19T19:41:58Z,25.00,8,32,2,2,2,2,4,
41.00,2026-06-19T19:41:58Z,25.00,8,32,2,2,2,2,4,
41.50,2026-06-19T19:41:59Z,25.00,8,32,2,2,2,2,4,
42.00,2026-06-19T19:41:59Z,25.00,8,32,2,2,2,2,4,
42.50,2026-06-19T19:42:00Z,25.00,8,32,2,2,2,2,4,
43.00,2026-06-19T19:42:00Z,25.00,8,32,2,2,2,2,4,
43.50,2026-06-19T19:42:01Z,25.00,8,32,2,2,2,2,4,
44.00,2026-06-19T19:42:01Z,25.00,8,32,2,2,2,2,4,
44.50,2026-06-19T19:42:02Z,25.00,8,32,2,2,2,2,4,
45.00,2026-06-19T19:42:02Z,25.00,8,32,2,2,2,2,4,
45.50,2026-06-19T19:42:03Z,25.00,8,32,2,2,2,2,4,
46.00,2026-06-19T19:42:03Z,25.00,8,32,2,2,2,2,4,
46.50,2026-06-19T19:42:04Z,25.00,8,32,2,2,2,2,4,
47.00,2026-06-19T19:42:04Z,25.00,8,32,2,2,2,2,4,
47.50,2026-06-19T19:42:05Z,25.00,8,32,2,2,2,2,4,
48.00,2026-06-19T19:42:05Z,25.00,8,32,2,2,2,2,4,
48.50,2026-06-19T19:42:06Z,25.00,8,32,2,2,2,2,4,
49.00,2026-06-19T19:42:06Z,25.00,8,32,2,2,2,2,4,
49.50,2026-06-19T19:42:07Z,25.00,8,32,2,2,2,2,4,
50.00,2026-06-19T19:42:07Z,25.00,8,32,2,2,2,2,4,
50.50,2026-06-19T19:42:08Z,25.00,8,32,2,2,2,2,4,
51.00,2026-06-19T19:42:08Z,31.25,10,32,3,2,2,3,4,
51.50,2026-06-19T19:42:09Z,31.25,10,32,3,2,2,3,4,
52.00,2026-06-19T19:42:09Z,31.25,10,32,3,2,2,3,4,
52.50,2026-06-19T19:42:10Z,31.25,10,32,3,2,2,3,4,
53.00,2026-06-19T19:42:10Z,37.50,12,32,3,3,3,3,4,
53.50,2026-06-19T19:42:11Z,37.50,12,32,3,3,3,3,4,
54.00,2026-06-19T19:42:11Z,37.50,12,32,3,3,3,3,4,
54.50,2026-06-19T19:42:12Z,37.50,12,32,3,3,3,3,4,
55.00,2026-06-19T19:42:12Z,37.50,12,32,3,3,3,3,4,
55.50,2026-06-19T19:42:13Z,37.50,12,32,3,3,3,3,4,
56.00,2026-06-19T19:42:13Z,37.50,12,32,3,3,3,3,4,
56.50,2026-06-19T19:42:14Z,37.50,12,32,3,3,3,3,4,
57.00,2026-06-19T19:42:14Z,37.50,12,32,3,3,3,3,4,
57.50,2026-06-19T19:42:15Z,37.50,12,32,3,3,3,3,4,
58.00,2026-06-19T19:42:15Z,37.50,12,32,3,3,3,3,4,
58.50,2026-06-19T19:42:16Z,37.50,12,32,3,3,3,3,4,
59.00,2026-06-19T19:42:16Z,37.50,12,32,3,3,3,3,4,
59.50,2026-06-19T19:42:17Z,37.50,12,32,3,3,3,3,4,
60.00,2026-06-19T19:42:17Z,37.50,12,32,3,3,3,3,4,
60.50,2026-06-19T19:42:18Z,37.50,12,32,3,3,3,3,4,
61.00,2026-06-19T19:42:18Z,37.50,12,32,3,3,3,3,4,
61.50,2026-06-19T19:42:19Z,37.50,12,32,3,3,3,3,4,
62.00,2026-06-19T19:42:19Z,37.50,12,32,3,3,3,3,4,
62.50,2026-06-19T19:42:20Z,37.50,12,32,3,3,3,3,4,
63.00,2026-06-19T19:42:20Z,37.50,12,32,3,3,3,3,4,
63.50,2026-06-19T19:42:21Z,37.50,12,32,3,3,3,3,4,
64.00,2026-06-19T19:42:21Z,37.50,12,32,3,3,3,3,4,
64.50,2026-06-19T19:42:22Z,37.50,12,32,3,3,3,3,4,
65.00,2026-06-19T19:42:22Z,37.50,12,32,3,3,3,3,4,
65.50,2026-06-19T19:42:23Z,37.50,12,32,3,3,3,3,4,
66.00,2026-06-19T19:42:23Z,37.50,12,32,3,3,3,3,4,
66.50,2026-06-19T19:42:24Z,37.50,12,32,3,3,3,3,4,
67.00,2026-06-19T19:42:24Z,37.50,12,32,3,3,3,3,4,
67.50,2026-06-19T19:42:25Z,37.50,12,32,3,3,3,3,4,
68.00,2026-06-19T19:42:25Z,37.50,12,32,3,3,3,3,4,
68.50,2026-06-19T19:42:26Z,43.75,14,32,4,3,3,4,4,
69.00,2026-06-19T19:42:26Z,43.75,14,32,4,3,3,4,4,
69.50,2026-06-19T19:42:27Z,43.75,14,32,4,3,3,4,4,
70.00,2026-06-19T19:42:27Z,43.75,14,32,4,3,3,4,4,
70.50,2026-06-19T19:42:28Z,46.88,15,32,4,4,3,4,4,
71.00,2026-06-19T19:42:28Z,46.88,15,32,4,4,3,4,4,
71.50,2026-06-19T19:42:29Z,46.88,15,32,4,4,3,4,4,
72.00,2026-06-19T19:42:29Z,46.88,15,32,4,4,3,4,4,
72.50,2026-06-19T19:42:30Z,46.88,15,32,4,4,3,4,4,
73.00,2026-06-19T19:42:30Z,46.88,15,32,4,4,3,4,4,
73.50,2026-06-19T19:42:31Z,46.88,15,32,4,4,3,4,4,
74.00,2026-06-19T19:42:31Z,46.88,15,32,4,4,3,4,4,
74.50,2026-06-19T19:42:32Z,46.88,15,32,4,4,3,4,4,
75.00,2026-06-19T19:42:32Z,46.88,15,32,4,4,3,4,4,
75.50,2026-06-19T19:42:33Z,46.88,15,32,4,4,3,4,4,
76.00,2026-06-19T19:42:33Z,46.88,15,32,4,4,3,4,4,
76.50,2026-06-19T19:42:34Z,46.88,15,32,4,4,3,4,4,
77.00,2026-06-19T19:42:34Z,46.88,15,32,4,4,3,4,4,
77.50,2026-06-19T19:42:35Z,46.88,15,32,4,4,3,4,4,
78.00,2026-06-19T19:42:35Z,46.88,15,32,4,4,3,4,4,
78.50,2026-06-19T19:42:36Z,46.88,15,32,4,4,3,4,4,
79.00,2026-06-19T19:42:36Z,46.88,15,32,4,4,3,4,4,
79.50,2026-06-19T19:42:37Z,46.88,15,32,4,4,3,4,4,
80.00,2026-06-19T19:42:37Z,46.88,15,32,4,4,3,4,4,
80.50,2026-06-19T19:42:38Z,46.88,15,32,4,4,3,4,4,
81.00,2026-06-19T19:42:38Z,46.88,15,32,4,4,3,4,4,
81.50,2026-06-19T19:42:39Z,46.88,15,32,4,4,3,4,4,
82.00,2026-06-19T19:42:39Z,46.88,15,32,4,4,3,4,4,
82.50,2026-06-19T19:42:40Z,46.88,15,32,4,4,3,4,4,
83.00,2026-06-19T19:42:40Z,46.88,15,32,4,4,3,4,4,
83.50,2026-06-19T19:42:41Z,46.88,15,32,4,4,3,4,4,
84.00,2026-06-19T19:42:41Z,46.88,15,32,4,4,3,4,4,
84.50,2026-06-19T19:42:42Z,46.88,15,32,4,4,3,4,4,
84.99,2026-06-19T19:42:42Z,46.88,15,32,4,4,3,4,3,reassign:robot3
85.00,2026-06-19T19:42:42Z,46.88,15,32,4,4,3,4,3,
85.50,2026-06-19T19:42:43Z,53.12,17,32,5,4,3,5,3,
86.00,2026-06-19T19:42:43Z,53.12,17,32,5,4,3,5,3,
86.50,2026-06-19T19:42:44Z,53.12,17,32,5,4,3,5,3,
87.00,2026-06-19T19:42:44Z,53.12,17,32,5,4,3,5,3,
87.50,2026-06-19T19:42:45Z,56.25,18,32,5,5,3,5,3,
88.00,2026-06-19T19:42:45Z,56.25,18,32,5,5,3,5,3,
88.50,2026-06-19T19:42:46Z,56.25,18,32,5,5,3,5,3,
89.00,2026-06-19T19:42:46Z,56.25,18,32,5,5,3,5,3,
89.50,2026-06-19T19:42:47Z,56.25,18,32,5,5,3,5,3,
90.00,2026-06-19T19:42:47Z,56.25,18,32,5,5,3,5,3,
90.50,2026-06-19T19:42:48Z,56.25,18,32,5,5,3,5,3,
91.00,2026-06-19T19:42:48Z,56.25,18,32,5,5,3,5,3,
91.50,2026-06-19T19:42:49Z,56.25,18,32,5,5,3,5,3,
92.00,2026-06-19T19:42:49Z,56.25,18,32,5,5,3,5,3,
92.50,2026-06-19T19:42:50Z,56.25,18,32,5,5,3,5,3,
93.00,2026-06-19T19:42:50Z,56.25,18,32,5,5,3,5,3,
93.50,2026-06-19T19:42:51Z,56.25,18,32,5,5,3,5,3,
94.00,2026-06-19T19:42:51Z,56.25,18,32,5,5,3,5,3,
94.50,2026-06-19T19:42:52Z,56.25,18,32,5,5,3,5,3,
95.00,2026-06-19T19:42:52Z,56.25,18,32,5,5,3,5,3,
95.50,2026-06-19T19:42:53Z,56.25,18,32,5,5,3,5,3,
96.00,2026-06-19T19:42:53Z,56.25,18,32,5,5,3,5,3,
96.50,2026-06-19T19:42:54Z,56.25,18,32,5,5,3,5,3,
97.00,2026-06-19T19:42:54Z,56.25,18,32,5,5,3,5,3,
97.50,2026-06-19T19:42:55Z,56.25,18,32,5,5,3,5,3,
98.00,2026-06-19T19:42:55Z,56.25,18,32,5,5,3,5,3,
98.50,2026-06-19T19:42:56Z,56.25,18,32,5,5,3,5,3,
99.00,2026-06-19T19:42:56Z,56.25,18,32,5,5,3,5,3,
99.50,2026-06-19T19:42:57Z,56.25,18,32,5,5,3,5,3,
100.00,2026-06-19T19:42:57Z,56.25,18,32,5,5,3,5,3,
100.50,2026-06-19T19:42:58Z,56.25,18,32,5,5,3,5,3,
101.00,2026-06-19T19:42:58Z,56.25,18,32,5,5,3,5,3,
101.50,2026-06-19T19:42:59Z,56.25,18,32,5,5,3,5,3,
102.00,2026-06-19T19:42:59Z,56.25,18,32,5,5,3,5,3,
102.50,2026-06-19T19:43:00Z,62.50,20,32,6,5,3,6,3,
103.00,2026-06-19T19:43:00Z,62.50,20,32,6,5,3,6,3,
103.50,2026-06-19T19:43:01Z,62.50,20,32,6,5,3,6,3,
104.00,2026-06-19T19:43:01Z,62.50,20,32,6,5,3,6,3,
104.50,2026-06-19T19:43:02Z,65.62,21,32,6,6,3,6,3,
105.00,2026-06-19T19:43:02Z,65.62,21,32,6,6,3,6,3,
105.50,2026-06-19T19:43:03Z,65.62,21,32,6,6,3,6,3,
106.00,2026-06-19T19:43:03Z,65.62,21,32,6,6,3,6,3,
106.50,2026-06-19T19:43:04Z,65.62,21,32,6,6,3,6,3,
107.00,2026-06-19T19:43:04Z,65.62,21,32,6,6,3,6,3,
107.50,2026-06-19T19:43:05Z,65.62,21,32,6,6,3,6,3,
108.00,2026-06-19T19:43:05Z,65.62,21,32,6,6,3,6,3,
108.50,2026-06-19T19:43:06Z,65.62,21,32,6,6,3,6,3,
109.00,2026-06-19T19:43:06Z,65.62,21,32,6,6,3,6,3,
109.50,2026-06-19T19:43:07Z,65.62,21,32,6,6,3,6,3,
110.00,2026-06-19T19:43:07Z,65.62,21,32,6,6,3,6,3,
110.50,2026-06-19T19:43:08Z,65.62,21,32,6,6,3,6,3,
111.00,2026-06-19T19:43:08Z,65.62,21,32,6,6,3,6,3,
111.50,2026-06-19T19:43:09Z,65.62,21,32,6,6,3,6,3,
112.00,2026-06-19T19:43:09Z,65.62,21,32,6,6,3,6,3,
112.50,2026-06-19T19:43:10Z,65.62,21,32,6,6,3,6,3,
113.00,2026-06-19T19:43:10Z,65.62,21,32,6,6,3,6,3,
113.50,2026-06-19T19:43:11Z,65.62,21,32,6,6,3,6,3,
114.00,2026-06-19T19:43:11Z,65.62,21,32,6,6,3,6,3,
114.50,2026-06-19T19:43:12Z,65.62,21,32,6,6,3,6,3,
115.00,2026-06-19T19:43:12Z,65.62,21,32,6,6,3,6,3,
115.50,2026-06-19T19:43:13Z,65.62,21,32,6,6,3,6,3,
116.00,2026-06-19T19:43:13Z,65.62,21,32,6,6,3,6,3,
116.50,2026-06-19T19:43:14Z,65.62,21,32,6,6,3,6,3,
117.00,2026-06-19T19:43:14Z,65.62,21,32,6,6,3,6,3,
117.50,2026-06-19T19:43:15Z,65.62,21,32,6,6,3,6,3,
118.00,2026-06-19T19:43:15Z,65.62,21,32,6,6,3,6,3,
118.50,2026-06-19T19:43:16Z,65.62,21,32,6,6,3,6,3,
119.00,2026-06-19T19:43:16Z,65.62,21,32,6,6,3,6,3,
119.50,2026-06-19T19:43:17Z,65.62,21,32,6,6,3,6,3,
120.00,2026-06-19T19:43:17Z,71.88,23,32,7,6,3,7,3,
120.50,2026-06-19T19:43:18Z,71.88,23,32,7,6,3,7,3,
121.00,2026-06-19T19:43:18Z,71.88,23,32,7,6,3,7,3,
121.50,2026-06-19T19:43:19Z,71.88,23,32,7,6,3,7,3,
122.00,2026-06-19T19:43:19Z,75.00,24,32,7,7,3,7,3,
122.50,2026-06-19T19:43:20Z,75.00,24,32,7,7,3,7,3,
123.00,2026-06-19T19:43:20Z,75.00,24,32,7,7,3,7,3,
123.50,2026-06-19T19:43:21Z,75.00,24,32,7,7,3,7,3,
124.00,2026-06-19T19:43:21Z,75.00,24,32,7,7,3,7,3,
124.50,2026-06-19T19:43:22Z,75.00,24,32,7,7,3,7,3,
125.00,2026-06-19T19:43:22Z,75.00,24,32,7,7,3,7,3,
125.50,2026-06-19T19:43:23Z,75.00,24,32,7,7,3,7,3,
126.00,2026-06-19T19:43:23Z,75.00,24,32,7,7,3,7,3,
126.50,2026-06-19T19:43:24Z,75.00,24,32,7,7,3,7,3,
127.00,2026-06-19T19:43:24Z,75.00,24,32,7,7,3,7,3,
127.50,2026-06-19T19:43:25Z,75.00,24,32,7,7,3,7,3,
128.00,2026-06-19T19:43:25Z,75.00,24,32,7,7,3,7,3,
128.50,2026-06-19T19:43:26Z,75.00,24,32,7,7,3,7,3,
129.00,2026-06-19T19:43:26Z,75.00,24,32,7,7,3,7,3,
129.50,2026-06-19T19:43:27Z,75.00,24,32,7,7,3,7,3,
130.00,2026-06-19T19:43:27Z,75.00,24,32,7,7,3,7,3,
130.50,2026-06-19T19:43:28Z,75.00,24,32,7,7,3,7,3,
131.00,2026-06-19T19:43:28Z,75.00,24,32,7,7,3,7,3,
131.50,2026-06-19T19:43:29Z,75.00,24,32,7,7,3,7,3,
132.00,2026-06-19T19:43:29Z,75.00,24,32,7,7,3,7,3,
132.50,2026-06-19T19:43:30Z,75.00,24,32,7,7,3,7,3,
133.00,2026-06-19T19:43:30Z,75.00,24,32,7,7,3,7,3,
133.50,2026-06-19T19:43:31Z,75.00,24,32,7,7,3,7,3,
134.00,2026-06-19T19:43:31Z,75.00,24,32,7,7,3,7,3,
134.50,2026-06-19T19:43:32Z,75.00,24,32,7,7,3,7,3,
135.00,2026-06-19T19:43:32Z,75.00,24,32,7,7,3,7,3,
135.50,2026-06-19T19:43:33Z,75.00,24,32,7,7,3,7,3,
136.00,2026-06-19T19:43:33Z,75.00,24,32,7,7,3,7,3,
136.50,2026-06-19T19:43:34Z,75.00,24,32,7,7,3,7,3,
137.00,2026-06-19T19:43:34Z,81.25,26,32,8,7,3,8,3,
137.50,2026-06-19T19:43:35Z,81.25,26,32,8,7,3,8,3,
138.00,2026-06-19T19:43:35Z,81.25,26,32,8,7,3,8,3,
138.50,2026-06-19T19:43:36Z,81.25,26,32,8,7,3,8,3,
139.00,2026-06-19T19:43:36Z,84.38,27,32,8,8,3,8,3,
139.50,2026-06-19T19:43:37Z,84.38,27,32,8,8,3,8,3,
140.00,2026-06-19T19:43:37Z,84.38,27,32,8,8,3,8,3,
140.50,2026-06-19T19:43:38Z,84.38,27,32,8,8,3,8,3,
141.00,2026-06-19T19:43:38Z,84.38,27,32,8,8,3,8,3,
141.50,2026-06-19T19:43:39Z,84.38,27,32,8,8,3,8,3,
142.00,2026-06-19T19:43:39Z,84.38,27,32,8,8,3,8,3,
142.50,2026-06-19T19:43:40Z,84.38,27,32,8,8,3,8,3,
143.00,2026-06-19T19:43:40Z,84.38,27,32,8,8,3,8,3,
143.50,2026-06-19T19:43:41Z,84.38,27,32,8,8,3,8,3,
144.00,2026-06-19T19:43:41Z,84.38,27,32,8,8,3,8,3,
144.50,2026-06-19T19:43:42Z,84.38,27,32,8,8,3,8,3,
145.00,2026-06-19T19:43:42Z,84.38,27,32,8,8,3,8,3,
145.50,2026-06-19T19:43:43Z,84.38,27,32,8,8,3,8,3,
146.00,2026-06-19T19:43:43Z,84.38,27,32,8,8,3,8,3,
146.50,2026-06-19T19:43:44Z,84.38,27,32,8,8,3,8,3,
147.00,2026-06-19T19:43:44Z,84.38,27,32,8,8,3,8,3,
147.50,2026-06-19T19:43:45Z,84.38,27,32,8,8,3,8,3,
148.00,2026-06-19T19:43:45Z,84.38,27,32,8,8,3,8,3,
148.50,2026-06-19T19:43:46Z,84.38,27,32,8,8,3,8,3,
149.00,2026-06-19T19:43:46Z,84.38,27,32,8,8,3,8,3,
149.50,2026-06-19T19:43:47Z,84.38,27,32,8,8,3,8,3,
150.00,2026-06-19T19:43:47Z,84.38,27,32,8,8,3,8,3,
150.50,2026-06-19T19:43:48Z,84.38,27,32,8,8,3,8,3,
151.00,2026-06-19T19:43:48Z,84.38,27,32,8,8,3,8,3,
151.50,2026-06-19T19:43:49Z,84.38,27,32,8,8,3,8,3,
152.00,2026-06-19T19:43:49Z,84.38,27,32,8,8,3,8,3,
152.50,2026-06-19T19:43:50Z,84.38,27,32,8,8,3,8,3,
153.00,2026-06-19T19:43:50Z,84.38,27,32,8,8,3,8,3,
153.50,2026-06-19T19:43:51Z,84.38,27,32,8,8,3,8,3,
154.00,2026-06-19T19:43:51Z,84.38,27,32,8,8,3,8,3,
154.50,2026-06-19T19:43:52Z,87.50,28,32,8,8,3,9,3,
155.00,2026-06-19T19:43:52Z,87.50,28,32,8,8,3,9,3,
155.50,2026-06-19T19:43:53Z,87.50,28,32,8,8,3,9,3,
156.00,2026-06-19T19:43:53Z,87.50,28,32,8,8,3,9,3,
156.50,2026-06-19T19:43:54Z,87.50,28,32,8,8,3,9,3,
157.00,2026-06-19T19:43:54Z,87.50,28,32,8,8,3,9,3,
157.50,2026-06-19T19:43:55Z,87.50,28,32,8,8,3,9,3,
158.00,2026-06-19T19:43:55Z,87.50,28,32,8,8,3,9,3,
158.50,2026-06-19T19:43:56Z,87.50,28,32,8,8,3,9,3,
159.00,2026-06-19T19:43:56Z,87.50,28,32,8,8,3,9,3,
159.50,2026-06-19T19:43:57Z,87.50,28,32,8,8,3,9,3,
160.00,2026-06-19T19:43:57Z,87.50,28,32,8,8,3,9,3,
160.50,2026-06-19T19:43:58Z,87.50,28,32,8,8,3,9,3,
161.00,2026-06-19T19:43:58Z,87.50,28,32,8,8,3,9,3,
161.50,2026-06-19T19:43:59Z,87.50,28,32,8,8,3,9,3,
162.00,2026-06-19T19:43:59Z,87.50,28,32,8,8,3,9,3,
162.50,2026-06-19T19:44:00Z,87.50,28,32,8,8,3,9,3,
163.00,2026-06-19T19:44:00Z,87.50,28,32,8,8,3,9,3,
163.50,2026-06-19T19:44:01Z,87.50,28,32,8,8,3,9,3,
164.00,2026-06-19T19:44:01Z,87.50,28,32,8,8,3,9,3,
164.50,2026-06-19T19:44:02Z,87.50,28,32,8,8,3,9,3,
165.00,2026-06-19T19:44:02Z,87.50,28,32,8,8,3,9,3,
165.50,2026-06-19T19:44:03Z,87.50,28,32,8,8,3,9,3,
166.00,2026-06-19T19:44:03Z,87.50,28,32,8,8,3,9,3,
166.50,2026-06-19T19:44:04Z,87.50,28,32,8,8,3,9,3,
167.00,2026-06-19T19:44:04Z,87.50,28,32,8,8,3,9,3,
167.50,2026-06-19T19:44:05Z,87.50,28,32,8,8,3,9,3,
168.00,2026-06-19T19:44:05Z,87.50,28,32,8,8,3,9,3,
168.50,2026-06-19T19:44:06Z,87.50,28,32,8,8,3,9,3,
169.00,2026-06-19T19:44:06Z,87.50,28,32,8,8,3,9,3,
169.50,2026-06-19T19:44:07Z,87.50,28,32,8,8,3,9,3,
170.00,2026-06-19T19:44:07Z,87.50,28,32,8,8,3,9,3,
170.50,2026-06-19T19:44:08Z,87.50,28,32,8,8,3,9,3,
171.00,2026-06-19T19:44:08Z,87.50,28,32,8,8,3,9,3,
171.50,2026-06-19T19:44:09Z,87.50,28,32,8,8,3,9,3,
172.00,2026-06-19T19:44:09Z,87.50,28,32,8,8,3,9,3,
172.50,2026-06-19T19:44:10Z,87.50,28,32,8,8,3,9,3,
173.00,2026-06-19T19:44:10Z,90.62,29,32,8,8,3,10,3,
173.50,2026-06-19T19:44:11Z,90.62,29,32,8,8,3,10,3,
174.00,2026-06-19T19:44:11Z,90.62,29,32,8,8,3,10,3,
174.50,2026-06-19T19:44:12Z,90.62,29,32,8,8,3,10,3,
175.00,2026-06-19T19:44:12Z,90.62,29,32,8,8,3,10,3,
175.50,2026-06-19T19:44:13Z,90.62,29,32,8,8,3,10,3,
176.00,2026-06-19T19:44:13Z,90.62,29,32,8,8,3,10,3,
176.50,2026-06-19T19:44:14Z,90.62,29,32,8,8,3,10,3,
177.00,2026-06-19T19:44:14Z,90.62,29,32,8,8,3,10,3,
177.50,2026-06-19T19:44:15Z,90.62,29,32,8,8,3,10,3,
178.00,2026-06-19T19:44:15Z,90.62,29,32,8,8,3,10,3,
178.50,2026-06-19T19:44:16Z,90.62,29,32,8,8,3,10,3,
179.00,2026-06-19T19:44:16Z,90.62,29,32,8,8,3,10,3,
179.50,2026-06-19T19:44:17Z,90.62,29,32,8,8,3,10,3,
180.00,2026-06-19T19:44:17Z,90.62,29,32,8,8,3,10,3,
180.50,2026-06-19T19:44:18Z,90.62,29,32,8,8,3,10,3,
181.00,2026-06-19T19:44:18Z,90.62,29,32,8,8,3,10,3,
181.50,2026-06-19T19:44:19Z,90.62,29,32,8,8,3,10,3,
182.00,2026-06-19T19:44:19Z,90.62,29,32,8,8,3,10,3,
182.50,2026-06-19T19:44:20Z,90.62,29,32,8,8,3,10,3,
183.00,2026-06-19T19:44:20Z,90.62,29,32,8,8,3,10,3,
183.50,2026-06-19T19:44:21Z,90.62,29,32,8,8,3,10,3,
184.00,2026-06-19T19:44:21Z,90.62,29,32,8,8,3,10,3,
184.50,2026-06-19T19:44:22Z,90.62,29,32,8,8,3,10,3,
185.00,2026-06-19T19:44:22Z,90.62,29,32,8,8,3,10,3,
185.50,2026-06-19T19:44:23Z,90.62,29,32,8,8,3,10,3,
186.00,2026-06-19T19:44:23Z,90.62,29,32,8,8,3,10,3,
186.50,2026-06-19T19:44:24Z,90.62,29,32,8,8,3,10,3,
187.00,2026-06-19T19:44:24Z,90.62,29,32,8,8,3,10,3,
187.50,2026-06-19T19:44:25Z,90.62,29,32,8,8,3,10,3,
188.00,2026-06-19T19:44:25Z,90.62,29,32,8,8,3,10,3,
188.50,2026-06-19T19:44:26Z,90.62,29,32,8,8,3,10,3,
189.00,2026-06-19T19:44:26Z,90.62,29,32,8,8,3,10,3,
189.50,2026-06-19T19:44:27Z,90.62,29,32,8,8,3,10,3,
190.00,2026-06-19T19:44:27Z,93.75,30,32,8,8,3,11,3,
190.50,2026-06-19T19:44:28Z,93.75,30,32,8,8,3,11,3,
191.00,2026-06-19T19:44:28Z,93.75,30,32,8,8,3,11,3,
191.50,2026-06-19T19:44:29Z,93.75,30,32,8,8,3,11,3,
192.00,2026-06-19T19:44:29Z,93.75,30,32,8,8,3,11,3,
192.50,2026-06-19T19:44:30Z,93.75,30,32,8,8,3,11,3,
193.00,2026-06-19T19:44:30Z,93.75,30,32,8,8,3,11,3,
193.50,2026-06-19T19:44:31Z,93.75,30,32,8,8,3,11,3,
194.00,2026-06-19T19:44:31Z,93.75,30,32,8,8,3,11,3,
194.50,2026-06-19T19:44:32Z,93.75,30,32,8,8,3,11,3,
195.00,2026-06-19T19:44:32Z,93.75,30,32,8,8,3,11,3,
195.50,2026-06-19T19:44:33Z,93.75,30,32,8,8,3,11,3,
196.00,2026-06-19T19:44:33Z,93.75,30,32,8,8,3,11,3,
196.50,2026-06-19T19:44:34Z,93.75,30,32,8,8,3,11,3,
197.00,2026-06-19T19:44:34Z,93.75,30,32,8,8,3,11,3,
197.50,2026-06-19T19:44:35Z,93.75,30,32,8,8,3,11,3,
198.00,2026-06-19T19:44:35Z,93.75,30,32,8,8,3,11,3,
198.50,2026-06-19T19:44:36Z,93.75,30,32,8,8,3,11,3,
199.00,2026-06-19T19:44:36Z,93.75,30,32,8,8,3,11,3,
199.50,2026-06-19T19:44:37Z,93.75,30,32,8,8,3,11,3,
200.00,2026-06-19T19:44:37Z,93.75,30,32,8,8,3,11,3,
200.50,2026-06-19T19:44:38Z,93.75,30,32,8,8,3,11,3,
201.00,2026-06-19T19:44:38Z,93.75,30,32,8,8,3,11,3,
201.50,2026-06-19T19:44:39Z,93.75,30,32,8,8,3,11,3,
202.00,2026-06-19T19:44:39Z,93.75,30,32,8,8,3,11,3,
202.50,2026-06-19T19:44:40Z,93.75,30,32,8,8,3,11,3,
203.00,2026-06-19T19:44:40Z,93.75,30,32,8,8,3,11,3,
203.50,2026-06-19T19:44:41Z,93.75,30,32,8,8,3,11,3,
204.00,2026-06-19T19:44:41Z,93.75,30,32,8,8,3,11,3,
204.50,2026-06-19T19:44:42Z,93.75,30,32,8,8,3,11,3,
205.00,2026-06-19T19:44:42Z,93.75,30,32,8,8,3,11,3,
205.50,2026-06-19T19:44:43Z,93.75,30,32,8,8,3,11,3,
206.00,2026-06-19T19:44:43Z,93.75,30,32,8,8,3,11,3,
206.50,2026-06-19T19:44:44Z,93.75,30,32,8,8,3,11,3,
207.00,2026-06-19T19:44:44Z,93.75,30,32,8,8,3,11,3,
207.50,2026-06-19T19:44:45Z,96.88,31,32,8,8,3,12,3,
208.00,2026-06-19T19:44:45Z,96.88,31,32,8,8,3,12,3,
208.50,2026-06-19T19:44:46Z,96.88,31,32,8,8,3,12,3,
209.00,2026-06-19T19:44:46Z,96.88,31,32,8,8,3,12,3,
209.50,2026-06-19T19:44:47Z,96.88,31,32,8,8,3,12,3,
210.00,2026-06-19T19:44:47Z,96.88,31,32,8,8,3,12,3,
210.50,2026-06-19T19:44:48Z,96.88,31,32,8,8,3,12,3,
211.00,2026-06-19T19:44:48Z,96.88,31,32,8,8,3,12,3,
211.50,2026-06-19T19:44:49Z,96.88,31,32,8,8,3,12,3,
212.00,2026-06-19T19:44:49Z,96.88,31,32,8,8,3,12,3,
212.50,2026-06-19T19:44:50Z,96.88,31,32,8,8,3,12,3,
213.00,2026-06-19T19:44:50Z,96.88,31,32,8,8,3,12,3,
213.50,2026-06-19T19:44:51Z,96.88,31,32,8,8,3,12,3,
214.00,2026-06-19T19:44:51Z,96.88,31,32,8,8,3,12,3,
214.50,2026-06-19T19:44:52Z,96.88,31,32,8,8,3,12,3,
215.00,2026-06-19T19:44:52Z,96.88,31,32,8,8,3,12,3,
215.50,2026-06-19T19:44:53Z,96.88,31,32,8,8,3,12,3,
216.00,2026-06-19T19:44:53Z,96.88,31,32,8,8,3,12,3,
216.50,2026-06-19T19:44:54Z,96.88,31,32,8,8,3,12,3,
217.00,2026-06-19T19:44:54Z,96.88,31,32,8,8,3,12,3,
217.50,2026-06-19T19:44:55Z,96.88,31,32,8,8,3,12,3,
218.00,2026-06-19T19:44:55Z,96.88,31,32,8,8,3,12,3,
218.50,2026-06-19T19:44:56Z,96.88,31,32,8,8,3,12,3,
219.00,2026-06-19T19:44:56Z,96.88,31,32,8,8,3,12,3,
219.50,2026-06-19T19:44:57Z,96.88,31,32,8,8,3,12,3,
220.00,2026-06-19T19:44:57Z,96.88,31,32,8,8,3,12,3,
220.50,2026-06-19T19:44:58Z,96.88,31,32,8,8,3,12,3,
221.00,2026-06-19T19:44:58Z,96.88,31,32,8,8,3,12,3,
221.50,2026-06-19T19:44:59Z,96.88,31,32,8,8,3,12,3,
222.00,2026-06-19T19:44:59Z,96.88,31,32,8,8,3,12,3,
222.50,2026-06-19T19:45:00Z,96.88,31,32,8,8,3,12,3,
223.00,2026-06-19T19:45:00Z,96.88,31,32,8,8,3,12,3,
223.50,2026-06-19T19:45:01Z,96.88,31,32,8,8,3,12,3,
224.00,2026-06-19T19:45:01Z,96.88,31,32,8,8,3,12,3,
224.50,2026-06-19T19:45:02Z,100.00,32,32,8,8,3,13,3,
224.50,2026-06-19T19:45:02Z,100.00,32,32,8,8,3,13,3,mission_complete
