robot,ros_stamp_ns,wall_stamp_ns
robot1,1166592000000,1775929354349152205
robot2,1166594000000,1775929354351785602
robot4,1166594000000,1775929354353711172
robot3,1166786000000,1775929354626059147
robot1,1166787000000,1775929354626534638
robot2,1166789000000,1775929354629004872
robot4,1166790000000,1775929354630280119
robot3,1166984000000,1775929354858823156
robot1,1166985000000,1775929354859497930
robot2,1166987000000,1775929354860864261
robot4,1166988000000,1775929354862151842
robot3,1167184000000,1775929355084943534
robot1,1167187000000,1775929355087661484
robot2,1167188000000,1775929355089797064
robot4,1167190000000,1775929355091011278
robot3,1167385000000,1775929355314864763
robot1,1167386000000,1775929355315444917
robot2,1167388000000,1775929355317724149
robot4,1167389000000,1775929355318809325
robot3,1167583000000,1775929355535519998
robot1,1167587000000,1775929355538091643
robot2,1167588000000,1775929355539345932
robot4,1167589000000,1775929355540368301
robot3,1167785000000,1775929355751748370
robot1,1167786000000,1775929355752500631
robot2,1167787000000,1775929355753879434
robot4,1167789000000,1775929355756325007
robot3,1167984000000,1775929355971554774
robot1,1167985000000,1775929355972424420
robot2,1167986000000,1775929355973770336
robot4,1167987000000,1775929355974947377
robot3,1168184000000,1775929356196959686
robot1,1168185000000,1775929356197612564
robot2,1168186000000,1775929356199020894
robot4,1168187000000,1775929356200129008
robot3,1168384000000,1775929356421601461
robot1,1168385000000,1775929356423235346
robot2,1168387000000,1775929356424372663
robot4,1168388000000,1775929356426095622
robot3,1168585000000,1775929356642179537
robot1,1168586000000,1775929356643591737
robot2,1168587000000,1775929356644690746
robot4,1168588000000,1775929356646226527
robot3,1168784000000,1775929356863492234
robot1,1168785000000,1775929356864289486
robot2,1168786000000,1775929356865735528
robot4,1168787000000,1775929356866951601
robot3,1168984000000,1775929357104678994
robot1,1168985000000,1775929357107142436
robot2,1168986000000,1775929357107372368
robot4,1168988000000,1775929357109447220
robot3,1169188000000,1775929357343734764
robot1,1169189000000,1775929357344365660
robot2,1169190000000,1775929357345692595
robot4,1169191000000,1775929357346783990
robot3,1169384000000,1775929357561992013
robot1,1169385000000,1775929357562549563
robot2,1169386000000,1775929357563660562
robot4,1169387000000,1775929357564815390
robot3,1169584000000,1775929357772653549
robot1,1169585000000,1775929357773681789
robot2,1169586000000,1775929357774502703
robot4,1169587000000,1775929357775373691
robot3,1169785000000,1775929357999132504
robot1,1169785000000,1775929358000124450
robot2,1169787000000,1775929358002712422
robot4,1169788000000,1775929358004064188
robot3,1169985000000,1775929358237983968
robot1,1169986000000,1775929358239410843
robot2,1169987000000,1775929358241714770
robot4,1169988000000,1775929358242007658
robot3,1170184000000,1775929358472354476
robot1,1170185000000,1775929358473480761
robot2,1170186000000,1775929358474932258
robot4,1170187000000,1775929358475923256
robot3,1170384000000,1775929358735821254
robot1,1170386000000,1775929358736562292
robot2,1170387000000,1775929358737920875
robot4,1170388000000,1775929358739207966
robot3,1170583000000,1775929358954336114
robot1,1170585000000,1775929358955563583
robot2,1170587000000,1775929358957708774
robot4,1170588000000,1775929358958961072
robot3,1170783000000,1775929359172732803
robot1,1170785000000,1775929359173553452
robot2,1170786000000,1775929359174735818
robot4,1170787000000,1775929359175919838
robot3,1170984000000,1775929359382747296
robot1,1170986000000,1775929359383524107
robot2,1170987000000,1775929359384938159
robot4,1170988000000,1775929359386049923
robot3,1171183000000,1775929359589097574
robot1,1171185000000,1775929359590045675
robot2,1171186000000,1775929359592228879
robot4,1171188000000,1775929359593368221
robot3,1171384000000,1775929359798364940
robot1,1171386000000,1775929359799203486
robot2,1171387000000,1775929359800482060
robot4,1171388000000,1775929359801673897
robot3,1171584000000,1775929360008532312
robot1,1171585000000,1775929360009486483
robot2,1171586000000,1775929360011741457
robot4,1171587000000,1775929360012096114
robot3,1171784000000,1775929360219775279
robot1,1171785000000,1775929360220825272
robot2,1171786000000,1775929360222173727
robot4,1171787000000,1775929360223504165
robot3,1171984000000,1775929360434908229
robot1,1171985000000,1775929360436028392
robot2,1171986000000,1775929360437276624
robot4,1171987000000,1775929360438490769
robot3,1172184000000,1775929360648950646
robot1,1172185000000,1775929360650002277
robot2,1172186000000,1775929360651391329
robot4,1172187000000,1775929360652598369
robot3,1172384000000,1775929360861043836
robot1,1172385000000,1775929360861877565
robot2,1172386000000,1775929360863149288
robot4,1172387000000,1775929360864553285
robot3,1172584000000,1775929361081263557
robot1,1172587000000,1775929361084572269
robot2,1172588000000,1775929361086096305
robot4,1172589000000,1775929361087759103
robot3,1172784000000,1775929361297822961
robot1,1172786000000,1775929361299796160
robot2,1172789000000,1775929361302976335
robot4,1172790000000,1775929361304123341
robot3,1172984000000,1775929361517649907
robot1,1172985000000,1775929361518927980
robot2,1172986000000,1775929361520270366
robot4,1172987000000,1775929361521450980
robot3,1173184000000,1775929361729829661
robot1,1173186000000,1775929361731972269
robot2,1173187000000,1775929361733169205
robot4,1173188000000,1775929361734360549
robot3,1173384000000,1775929361938293835
robot1,1173385000000,1775929361939686027
robot2,1173386000000,1775929361940846693
robot4,1173388000000,1775929361942707756
robot3,1173584000000,1775929362147610819
robot1,1173585000000,1775929362148661426
robot2,1173586000000,1775929362149840642
robot4,1173587000000,1775929362151328052
robot3,1173784000000,1775929362356636875
robot1,1173785000000,1775929362357821003
robot2,1173786000000,1775929362358760149
robot4,1173787000000,1775929362360002522
robot3,1173984000000,1775929362565855415
robot1,1173985000000,1775929362567154388
robot2,1173987000000,1775929362569262723
robot4,1173988000000,1775929362570363703
robot3,1174184000000,1775929362775631282
robot1,1174185000000,1775929362776787796
robot2,1174188000000,1775929362780272689
robot4,1174189000000,1775929362781168357
robot3,1174385000000,1775929362985273697
robot1,1174387000000,1775929362987535761
robot2,1174388000000,1775929362988838837
robot4,1174389000000,1775929362989972494
robot3,1174584000000,1775929363212958720
robot1,1174585000000,1775929363213719343
robot2,1174586000000,1775929363215333120
robot4,1174587000000,1775929363216255867
robot3,1174785000000,1775929363434525205
robot1,1174787000000,1775929363435392317
robot2,1174788000000,1775929363436538418
robot4,1174790000000,1775929363438657008
robot3,1174984000000,1775929363644983577
robot1,1174986000000,1775929363647781674
robot2,1174988000000,1775929363648119848
robot4,1174989000000,1775929363648952157
robot3,1175186000000,1775929363854286991
robot1,1175187000000,1775929363855192160
robot2,1175188000000,1775929363856376572
robot4,1175189000000,1775929363857519541
robot3,1175384000000,1775929364060394195
robot1,1175385000000,1775929364061484983
robot2,1175386000000,1775929364062774868
robot4,1175387000000,1775929364064008819
robot3,1175584000000,1775929364268965131
robot1,1175585000000,1775929364269905121
robot2,1175586000000,1775929364271122468
robot4,1175587000000,1775929364272290862
robot3,1175787000000,1775929364478127540
robot1,1175789000000,1775929364480449547
robot2,1175790000000,1775929364481687586
robot4,1175791000000,1775929364482985864
robot3,1175986000000,1775929364683803027
robot1,1175987000000,1775929364684915710
robot2,1175988000000,1775929364686189285
robot4,1175989000000,1775929364687698801
robot3,1176185000000,1775929364894714159
robot1,1176186000000,1775929364895508443
robot2,1176187000000,1775929364896698497
robot4,1176188000000,1775929364898017227
robot3,1176384000000,1775929365126678956
robot1,1176387000000,1775929365129483474
robot2,1176388000000,1775929365131646853
robot4,1176390000000,1775929365133536386
robot3,1176585000000,1775929365382050503
robot1,1176589000000,1775929365386687186
robot2,1176592000000,1775929365390251960
robot4,1176594000000,1775929365392787611
robot3,1176783000000,1775929365593777696
robot1,1176785000000,1775929365595652814
robot2,1176787000000,1775929365598470167
robot4,1176788000000,1775929365600833647
robot3,1176985000000,1775929365851908974
robot1,1176986000000,1775929365853070443
robot2,1176989000000,1775929365856395568
robot4,1176990000000,1775929365857900136
robot3,1177184000000,1775929366103824921
robot1,1177185000000,1775929366104392835
robot2,1177186000000,1775929366105645696
robot4,1177187000000,1775929366106969956
robot3,1177384000000,1775929366351657573
robot1,1177385000000,1775929366352333803
robot2,1177387000000,1775929366354802814
robot4,1177388000000,1775929366356026117
robot3,1177584000000,1775929366577309412
robot1,1177585000000,1775929366578107464
robot2,1177589000000,1775929366582681987
robot4,1177591000000,1775929366585048465
robot3,1177784000000,1775929366802785597
robot1,1177785000000,1775929366803412707
robot2,1177787000000,1775929366805859989
robot4,1177789000000,1775929366808022002
robot3,1177984000000,1775929367045714853
robot1,1177991000000,1775929367053680218
robot2,1177993000000,1775929367056383251
robot4,1177994000000,1775929367057660199
robot3,1178184000000,1775929367275907200
robot1,1178185000000,1775929367276553161
robot2,1178186000000,1775929367277640404
robot4,1178187000000,1775929367278838255
robot3,1178387000000,1775929367510752130
robot1,1178389000000,1775929367512941973
robot2,1178390000000,1775929367515049127
robot4,1178393000000,1775929367517361920
robot3,1178583000000,1775929367729283721
robot1,1178586000000,1775929367731683193
robot2,1178587000000,1775929367732946891
robot4,1178588000000,1775929367735087750
robot3,1178784000000,1775929367954658575
robot1,1178785000000,1775929367955932340
robot2,1178791000000,1775929367963035361
robot4,1178792000000,1775929367964554559
robot3,1178985000000,1775929368207107482
robot1,1178986000000,1775929368208059411
robot2,1178989000000,1775929368211448130
robot4,1178991000000,1775929368214534805
robot3,1179184000000,1775929368433784590
robot1,1179186000000,1775929368436408659
robot2,1179189000000,1775929368439922743
robot4,1179193000000,1775929368444194906
robot3,1179384000000,1775929368663547582
robot1,1179385000000,1775929368665537656
robot2,1179387000000,1775929368667787304
robot4,1179388000000,1775929368669034068
robot3,1179584000000,1775929368891338259
robot1,1179585000000,1775929368892196546
robot2,1179588000000,1775929368896071295
robot4,1179589000000,1775929368897419244
robot3,1179784000000,1775929369118060634
robot1,1179785000000,1775929369118799802
robot2,1179786000000,1775929369120056384
robot4,1179787000000,1775929369121185435
robot3,1179984000000,1775929369354308319
robot1,1179985000000,1775929369355002878
robot2,1179986000000,1775929369356266401
robot4,1179987000000,1775929369357506122
robot3,1180184000000,1775929369574392548
robot1,1180185000000,1775929369575120634
robot2,1180186000000,1775929369576349443
robot4,1180187000000,1775929369577465913
robot3,1180384000000,1775929369794463710
robot1,1180387000000,1775929369796254413
robot2,1180388000000,1775929369798162668
robot4,1180389000000,1775929369799465072
robot3,1180584000000,1775929370014896613
robot1,1180586000000,1775929370015561636
robot2,1180587000000,1775929370016760617
robot4,1180588000000,1775929370017897218
robot3,1180784000000,1775929370226418328
robot1,1180785000000,1775929370227275022
robot2,1180786000000,1775929370228518728
robot4,1180787000000,1775929370229815320
robot3,1180984000000,1775929370444649875
robot1,1180985000000,1775929370445419402
robot2,1180986000000,1775929370446666464
robot4,1180987000000,1775929370448056898
robot3,1181184000000,1775929370664586391
robot1,1181188000000,1775929370668628703
robot2,1181189000000,1775929370669669635
robot4,1181191000000,1775929370671858626
robot3,1181384000000,1775929370873112271
robot1,1181385000000,1775929370873866037
robot2,1181386000000,1775929370875100310
robot4,1181387000000,1775929370876297158
robot3,1181584000000,1775929371087812937
robot1,1181585000000,1775929371088553351
robot2,1181586000000,1775929371089759709
robot4,1181588000000,1775929371091942391
robot3,1181786000000,1775929371317926266
robot1,1181788000000,1775929371320739161
robot2,1181791000000,1775929371323290801
robot4,1181793000000,1775929371325215708
robot3,1181984000000,1775929371525175365
robot1,1181985000000,1775929371526089744
robot2,1181986000000,1775929371527268722
robot4,1181987000000,1775929371528446498
robot3,1182184000000,1775929371735377453
robot1,1182185000000,1775929371736386945
robot2,1182186000000,1775929371737474915
robot4,1182187000000,1775929371738631764
robot3,1182384000000,1775929371945566795
robot1,1182386000000,1775929371946728391
robot2,1182387000000,1775929371947962683
robot4,1182388000000,1775929371949122280
robot3,1182584000000,1775929372154349965
robot1,1182585000000,1775929372155360034
robot2,1182586000000,1775929372156534870
robot4,1182587000000,1775929372157673234
robot3,1182783000000,1775929372366851881
robot1,1182785000000,1775929372367667981
robot2,1182786000000,1775929372368801333
robot4,1182787000000,1775929372369954825
robot3,1182983000000,1775929372573896257
robot1,1182985000000,1775929372574759296
robot2,1182986000000,1775929372575919177
robot4,1182987000000,1775929372577154609
robot3,1183184000000,1775929372782148986
robot1,1183185000000,1775929372782908461
robot2,1183186000000,1775929372784031421
robot4,1183187000000,1775929372785154194
robot3,1183384000000,1775929372995703755
robot1,1183385000000,1775929372996301704
robot2,1183386000000,1775929372997502324
robot4,1183387000000,1775929372998715485
robot3,1183584000000,1775929373217523033
robot1,1183585000000,1775929373218256941
robot2,1183586000000,1775929373219408300
robot4,1183587000000,1775929373220434152
robot3,1183784000000,1775929373427385143
robot1,1183785000000,1775929373428223030
robot2,1183786000000,1775929373429373620
robot4,1183787000000,1775929373430615387
robot3,1183984000000,1775929373634676126
robot1,1183985000000,1775929373635211431
robot2,1183986000000,1775929373637368945
robot4,1183988000000,1775929373638533951
robot3,1184184000000,1775929373841236282
robot1,1184185000000,1775929373842113044
robot2,1184186000000,1775929373843493447
robot4,1184187000000,1775929373844355361
robot3,1184384000000,1775929374047830306
robot1,1184385000000,1775929374048904464
robot2,1184386000000,1775929374050195886
robot4,1184387000000,1775929374051573390
robot3,1184584000000,1775929374259207518
robot1,1184585000000,1775929374260066210
robot2,1184587000000,1775929374262168371
robot4,1184588000000,1775929374263358649
robot3,1184784000000,1775929374470626823
robot1,1184785000000,1775929374471727981
robot2,1184787000000,1775929374473895949
robot4,1184788000000,1775929374475040998
robot3,1184984000000,1775929374681484085
robot1,1184985000000,1775929374682678487
robot2,1184986000000,1775929374683674158
robot4,1184988000000,1775929374685756567
robot3,1185186000000,1775929374896262376
robot1,1185189000000,1775929374899075917
robot2,1185192000000,1775929374903437713
robot4,1185194000000,1775929374905351867
robot3,1185384000000,1775929375130409937
robot1,1185385000000,1775929375130909232
robot2,1185386000000,1775929375132138434
robot4,1185387000000,1775929375133247944
robot3,1185585000000,1775929375361894052
robot1,1185587000000,1775929375363855466
robot2,1185588000000,1775929375365010800
robot4,1185590000000,1775929375367112211
robot3,1185785000000,1775929375576069891
robot1,1185786000000,1775929375576837913
robot2,1185788000000,1775929375578949616
robot4,1185789000000,1775929375580044328
robot3,1185984000000,1775929375801057576
robot1,1185985000000,1775929375801641408
robot2,1185986000000,1775929375802831964
robot4,1185987000000,1775929375804102236
robot3,1186184000000,1775929376046701528
robot1,1186185000000,1775929376047183441
robot2,1186187000000,1775929376049524167
robot4,1186188000000,1775929376050799463
robot3,1186383000000,1775929376277036752
robot1,1186385000000,1775929376278031365
robot2,1186386000000,1775929376279915440
robot4,1186387000000,1775929376280627817
robot3,1186584000000,1775929376515187979
robot1,1186585000000,1775929376516027099
robot2,1186586000000,1775929376517277127
robot4,1186587000000,1775929376518483377
robot3,1186784000000,1775929376747935065
robot1,1186785000000,1775929376748820453
robot2,1186786000000,1775929376750181383
robot4,1186787000000,1775929376751528755
robot3,1186984000000,1775929376979600119
robot1,1186985000000,1775929376980345718
robot2,1186986000000,1775929376981631409
robot4,1186988000000,1775929376984016719
robot3,1187184000000,1775929377243530347
robot1,1187185000000,1775929377244359564
robot2,1187186000000,1775929377245626775
robot4,1187187000000,1775929377246942393
robot3,1187384000000,1775929377484707406
robot1,1187385000000,1775929377485641292
robot2,1187386000000,1775929377486207748
robot4,1187387000000,1775929377487106704
robot3,1187584000000,1775929377716764866
robot1,1187585000000,1775929377717612154
robot2,1187586000000,1775929377719072197
robot4,1187587000000,1775929377720246105
robot3,1187784000000,1775929377935680092
robot1,1187785000000,1775929377937572742
robot2,1187786000000,1775929377937851714
robot4,1187787000000,1775929377938967839
robot3,1187984000000,1775929378153566979
robot1,1187985000000,1775929378154353208
robot2,1187986000000,1775929378155801853
robot4,1187987000000,1775929378156935678
robot3,1188183000000,1775929378378716202
robot1,1188185000000,1775929378379538218
robot2,1188186000000,1775929378381041483
robot4,1188187000000,1775929378382438633
robot3,1188384000000,1775929378600308857
robot1,1188385000000,1775929378601000440
robot2,1188386000000,1775929378602428355
robot4,1188387000000,1775929378603885244
robot3,1188584000000,1775929378823780560
robot1,1188585000000,1775929378824389139
robot2,1188586000000,1775929378825560327
robot4,1188587000000,1775929378826631240
robot3,1188785000000,1775929379049131206
robot1,1188786000000,1775929379049758959
robot2,1188787000000,1775929379051278211
robot4,1188790000000,1775929379055028501
robot3,1188983000000,1775929379286067326
robot1,1188985000000,1775929379286860085
robot2,1188986000000,1775929379288069006
robot4,1188989000000,1775929379291341862
robot3,1189184000000,1775929379506618011
robot1,1189186000000,1775929379509036219
robot2,1189187000000,1775929379510166083
robot4,1189188000000,1775929379511585220
robot3,1189384000000,1775929379728027371
robot1,1189385000000,1775929379729040183
robot2,1189387000000,1775929379731208909
robot4,1189388000000,1775929379732503948
robot3,1189585000000,1775929379953801875
robot1,1189586000000,1775929379954728743
robot2,1189587000000,1775929379956052067
robot4,1189588000000,1775929379957392123
robot3,1189784000000,1775929380193365221
robot1,1189786000000,1775929380195414228
robot2,1189787000000,1775929380196867398
robot4,1189788000000,1775929380198104801
robot3,1189984000000,1775929380428216469
robot1,1189985000000,1775929380429107751
robot2,1189987000000,1775929380431837661
robot4,1189988000000,1775929380433246496
robot3,1190184000000,1775929380669201094
robot1,1190185000000,1775929380670333898
robot2,1190186000000,1775929380671867954
robot4,1190187000000,1775929380673141668
robot3,1190385000000,1775929380899884389
robot1,1190386000000,1775929380900893625
robot2,1190387000000,1775929380901841508
robot4,1190388000000,1775929380902886192
robot3,1190584000000,1775929381125762358
robot1,1190585000000,1775929381126539175
robot2,1190587000000,1775929381128525403
robot4,1190589000000,1775929381130717181
robot3,1190784000000,1775929381356445019
robot1,1190786000000,1775929381358296844
robot2,1190787000000,1775929381359675236
robot4,1190789000000,1775929381362460831
robot3,1190987000000,1775929381576336987
robot1,1190991000000,1775929381580476705
robot2,1190993000000,1775929381582604482
robot4,1190995000000,1775929381585606961
robot3,1191184000000,1775929381784442218
robot1,1191185000000,1775929381786239656
robot2,1191189000000,1775929381789798463
robot4,1191191000000,1775929381792089528
robot3,1191383000000,1775929381995005383
robot1,1191384000000,1775929381996573825
robot2,1191385000000,1775929381997834707
robot4,1191386000000,1775929381999175690
robot3,1191584000000,1775929382206829505
robot1,1191586000000,1775929382208567104
robot2,1191588000000,1775929382210618350
robot4,1191590000000,1775929382213603082
robot3,1191784000000,1775929382444469183
robot1,1191785000000,1775929382445195818
robot2,1191786000000,1775929382446502705
robot4,1191787000000,1775929382447804789
robot3,1191984000000,1775929382660553545
robot1,1191985000000,1775929382661478427
robot2,1191986000000,1775929382662691791
robot4,1191987000000,1775929382663860417
robot3,1192185000000,1775929382872193503
robot1,1192186000000,1775929382873365152
robot2,1192187000000,1775929382874567580
robot4,1192188000000,1775929382875819355
robot3,1192384000000,1775929383091449710
robot1,1192386000000,1775929383092465745
robot2,1192388000000,1775929383094676328
robot4,1192391000000,1775929383097788794
robot3,1192584000000,1775929383322054228
robot1,1192585000000,1775929383322855675
robot2,1192586000000,1775929383324192284
robot4,1192589000000,1775929383327872161
robot3,1192784000000,1775929383535468427
robot1,1192786000000,1775929383537582656
robot2,1192788000000,1775929383539801646
robot4,1192789000000,1775929383540913288
robot3,1192984000000,1775929383749133456
robot1,1192986000000,1775929383751413772
robot2,1192987000000,1775929383752577269
robot4,1192988000000,1775929383753797434
robot3,1193184000000,1775929383962830430
robot1,1193185000000,1775929383964272236
robot2,1193186000000,1775929383965237194
robot4,1193187000000,1775929383966480047
robot3,1193384000000,1775929384178481268
robot1,1193386000000,1775929384180599555
robot2,1193390000000,1775929384184666593
robot4,1193393000000,1775929384188146258
robot3,1193585000000,1775929384391483925
robot1,1193586000000,1775929384392256302
robot2,1193587000000,1775929384394300071
robot4,1193589000000,1775929384395869697
robot3,1193784000000,1775929384601479428
robot1,1193785000000,1775929384602427802
robot2,1193786000000,1775929384603680897
robot4,1193787000000,1775929384604802104
robot3,1193984000000,1775929384844771057
robot1,1193985000000,1775929384845878342
robot2,1193986000000,1775929384846886117
robot4,1193987000000,1775929384848291775
robot3,1194184000000,1775929385065139572
robot1,1194185000000,1775929385065990073
robot2,1194186000000,1775929385068649386
robot4,1194187000000,1775929385069676677
robot3,1194384000000,1775929385288070972
robot1,1194386000000,1775929385289086015
robot2,1194387000000,1775929385290295330
robot4,1194388000000,1775929385291755494
robot3,1194585000000,1775929385499687152
robot1,1194586000000,1775929385500614222
robot2,1194589000000,1775929385503752216
robot4,1194590000000,1775929385505077586
robot3,1194784000000,1775929385711156400
robot1,1194785000000,1775929385712259317
robot2,1194786000000,1775929385713447087
robot4,1194787000000,1775929385714532653
robot3,1194984000000,1775929385923128878
robot1,1194986000000,1775929385924047848
robot2,1194988000000,1775929385926173538
robot4,1194989000000,1775929385927351427
robot3,1195185000000,1775929386133878750
robot1,1195186000000,1775929386135075107
robot2,1195187000000,1775929386136688805
robot4,1195188000000,1775929386137651719
robot3,1195384000000,1775929386356759723
robot1,1195385000000,1775929386357650822
robot2,1195386000000,1775929386358936246
robot4,1195387000000,1775929386360416273
robot3,1195586000000,1775929386588964068
robot1,1195587000000,1775929386590067173
robot2,1195588000000,1775929386591736370
robot4,1195589000000,1775929386592508608
robot3,1195784000000,1775929386816163306
robot1,1195785000000,1775929386817002513
robot2,1195786000000,1775929386818340541
robot4,1195787000000,1775929386819764430
robot3,1195984000000,1775929387089091324
robot1,1195985000000,1775929387090047977
robot2,1195986000000,1775929387091625265
robot4,1195987000000,1775929387092819605
robot3,1196184000000,1775929387344914605
robot1,1196185000000,1775929387346047793
robot2,1196186000000,1775929387347235029
robot4,1196187000000,1775929387348710662
robot3,1196384000000,1775929387573305747
robot1,1196386000000,1775929387575463634
robot2,1196387000000,1775929387577261137
robot4,1196388000000,1775929387578914066
robot3,1196584000000,1775929387798020488
robot1,1196585000000,1775929387798905286
robot2,1196586000000,1775929387800330702
robot4,1196587000000,1775929387801517489
robot3,1196784000000,1775929388020814613
robot1,1196785000000,1775929388021723651
robot2,1196786000000,1775929388022863116
robot4,1196787000000,1775929388024135394
robot3,1196984000000,1775929388244131587
robot1,1196985000000,1775929388244987581
robot2,1196986000000,1775929388246097264
robot4,1196987000000,1775929388247439183
robot3,1197184000000,1775929388460135616
robot1,1197185000000,1775929388461540615
robot2,1197186000000,1775929388462693265
robot4,1197187000000,1775929388463841013
robot3,1197384000000,1775929388676486520
robot1,1197385000000,1775929388678303833
robot2,1197389000000,1775929388681790895
robot4,1197390000000,1775929388682766204
robot3,1197584000000,1775929388893206005
robot1,1197585000000,1775929388894199512
robot2,1197586000000,1775929388895537322
robot4,1197587000000,1775929388896678314
robot3,1197787000000,1775929389124496446
robot1,1197791000000,1775929389128621617
robot2,1197797000000,1775929389136614842
robot4,1197800000000,1775929389139360689
robot3,1197984000000,1775929389345692885
robot1,1197985000000,1775929389346614386
robot2,1197986000000,1775929389347896699
robot4,1197986000000,1775929389349315758
robot3,1198185000000,1775929389576432660
robot1,1198189000000,1775929389581044057
robot2,1198194000000,1775929389586694651
robot4,1198195000000,1775929389587972991
robot3,1198386000000,1775929389801465004
robot1,1198389000000,1775929389805335256
robot2,1198393000000,1775929389808722581
robot4,1198399000000,1775929389815546948
robot3,1198584000000,1775929390018233451
robot1,1198591000000,1775929390025779167
robot2,1198597000000,1775929390032608797
robot4,1198600000000,1775929390036329719
robot3,1198786000000,1775929390247983087
robot1,1198788000000,1775929390249811304
robot2,1198791000000,1775929390253507675
robot4,1198792000000,1775929390254659674
robot3,1198986000000,1775929390465405263
robot1,1198987000000,1775929390466279211
robot2,1198992000000,1775929390471734957
robot4,1198994000000,1775929390474028605
robot3,1199185000000,1775929390678433601
robot1,1199186000000,1775929390679291194
robot2,1199189000000,1775929390682874231
robot4,1199190000000,1775929390683948455
robot3,1199385000000,1775929390895576895
robot1,1199386000000,1775929390896293374
robot2,1199389000000,1775929390899678882
robot4,1199395000000,1775929390906227148
robot3,1199589000000,1775929391118278227
robot1,1199591000000,1775929391120109144
robot2,1199592000000,1775929391122219615
robot4,1199596000000,1775929391125788097
robot3,1199786000000,1775929391327050747
robot1,1199787000000,1775929391327855759
robot2,1199789000000,1775929391330033173
robot4,1199791000000,1775929391332839908
robot3,1199984000000,1775929391544458580
robot1,1199987000000,1775929391547314442
robot2,1199989000000,1775929391549525216
robot4,1199990000000,1775929391551827182
robot3,1200184000000,1775929391751612632
robot1,1200186000000,1775929391753730304
robot2,1200188000000,1775929391756982341
robot4,1200191000000,1775929391759356017
robot3,1200385000000,1775929391961946824
robot1,1200389000000,1775929391966009963
robot2,1200392000000,1775929391969534314
robot4,1200395000000,1775929391973574149
robot3,1200585000000,1775929392172420496
robot1,1200588000000,1775929392175428098
robot2,1200590000000,1775929392177841704
robot4,1200591000000,1775929392179813979
robot3,1200785000000,1775929392382912601
robot1,1200789000000,1775929392387267512
robot2,1200791000000,1775929392389576733
robot4,1200793000000,1775929392391672414
robot3,1200987000000,1775929392592847884
robot1,1200988000000,1775929392593953173
robot2,1200990000000,1775929392596185388
robot4,1200993000000,1775929392599347755
robot3,1201184000000,1775929392798410970
robot1,1201187000000,1775929392801597326
robot2,1201188000000,1775929392802764980
robot4,1201189000000,1775929392804983388
robot3,1201385000000,1775929393012086510
robot1,1201389000000,1775929393014625294
robot2,1201390000000,1775929393015772218
robot4,1201391000000,1775929393017110131
robot3,1201589000000,1775929393224375201
robot1,1201590000000,1775929393225171351
robot2,1201592000000,1775929393227423037
robot4,1201595000000,1775929393230682238
robot3,1201783000000,1775929393438231382
robot1,1201788000000,1775929393442071924
robot2,1201791000000,1775929393445074877
robot4,1201793000000,1775929393447534710
robot3,1201983000000,1775929393648958793
robot1,1201986000000,1775929393650699894
robot2,1201989000000,1775929393653738547
robot4,1201992000000,1775929393657688720
robot3,1202188000000,1775929393865923318
robot1,1202195000000,1775929393873424078
robot2,1202198000000,1775929393876509511
robot4,1202200000000,1775929393879161592
robot3,1202384000000,1775929394078551333
robot1,1202387000000,1775929394081713467
robot2,1202389000000,1775929394084148716
robot4,1202400000000,1775929394096893397
robot3,1202585000000,1775929394304347678
robot1,1202591000000,1775929394310948965
robot2,1202592000000,1775929394312231939
robot4,1202596000000,1775929394317355228
robot3,1202785000000,1775929394520369294
robot1,1202789000000,1775929394524520345
robot2,1202791000000,1775929394526802343
robot4,1202795000000,1775929394531366272
robot3,1202989000000,1775929394739308651
robot1,1202993000000,1775929394743465740
robot2,1202995000000,1775929394745779753
robot4,1202998000000,1775929394749181761
robot3,1203185000000,1775929394949847941
robot1,1203187000000,1775929394951001187
robot2,1203188000000,1775929394952212448
robot4,1203190000000,1775929394954368799
robot3,1203389000000,1775929395172177422
robot1,1203391000000,1775929395174241724
robot2,1203393000000,1775929395176832799
robot4,1203397000000,1775929395181590828
robot3,1203585000000,1775929395390786024
robot1,1203588000000,1775929395393721134
robot2,1203590000000,1775929395396101660
robot4,1203591000000,1775929395397270455
robot3,1203786000000,1775929395607794969
robot1,1203788000000,1775929395609740417
robot2,1203791000000,1775929395612847681
robot4,1203794000000,1775929395617611482
robot3,1203985000000,1775929395823211815
robot1,1203989000000,1775929395827807632
robot2,1203992000000,1775929395831110603
robot4,1203993000000,1775929395832426053
robot3,1204184000000,1775929396040054563
robot1,1204188000000,1775929396044141559
robot2,1204189000000,1775929396045282539
robot4,1204193000000,1775929396049647000
robot3,1204384000000,1775929396257137254
robot1,1204385000000,1775929396258133323
robot2,1204387000000,1775929396260418068
robot4,1204388000000,1775929396261714100
robot3,1204584000000,1775929396484820919
robot1,1204585000000,1775929396485597477
robot2,1204587000000,1775929396488160770
robot4,1204588000000,1775929396489409472
robot3,1204784000000,1775929396721557537
robot1,1204785000000,1775929396722615328
robot2,1204787000000,1775929396725823975
robot4,1204791000000,1775929396729252362
robot3,1204984000000,1775929396938941328
robot1,1204985000000,1775929396939535284
robot2,1204987000000,1775929396941704542
robot4,1204989000000,1775929396944043590
robot3,1205184000000,1775929397160218958
robot1,1205188000000,1775929397164402076
robot2,1205189000000,1775929397165660202
robot4,1205191000000,1775929397168211977
robot3,1205384000000,1775929397374973537
robot1,1205385000000,1775929397375778206
robot2,1205386000000,1775929397376942615
robot4,1205390000000,1775929397381320192
robot3,1205585000000,1775929397585684967
robot1,1205588000000,1775929397588629228
robot2,1205589000000,1775929397589894517
robot4,1205591000000,1775929397592057864
robot3,1205785000000,1775929397795762433
robot1,1205786000000,1775929397796317068
robot2,1205787000000,1775929397797684994
robot4,1205788000000,1775929397798331939
robot3,1205984000000,1775929398005936371
robot1,1205985000000,1775929398006432544
robot2,1205986000000,1775929398007714896
robot4,1205988000000,1775929398009665927
robot3,1206185000000,1775929398216516036
robot1,1206186000000,1775929398217130851
robot2,1206187000000,1775929398218247971
robot4,1206188000000,1775929398219016435
robot3,1206386000000,1775929398427635940
robot1,1206387000000,1775929398428274186
robot2,1206388000000,1775929398429602399
robot4,1206389000000,1775929398431042283
robot3,1206587000000,1775929398640116893
robot1,1206590000000,1775929398642973755
robot2,1206592000000,1775929398645093900
robot4,1206593000000,1775929398646549040
robot3,1206784000000,1775929398850595857
robot1,1206787000000,1775929398853243709
robot2,1206789000000,1775929398856399879
robot4,1206791000000,1775929398857493461
robot3,1206984000000,1775929399070332830
robot1,1206985000000,1775929399071393013
robot2,1206986000000,1775929399072764850
robot4,1206987000000,1775929399074040208
robot3,1207184000000,1775929399300350643
robot1,1207185000000,1775929399300852952
robot2,1207186000000,1775929399302065305
robot4,1207187000000,1775929399303309328
robot3,1207385000000,1775929399520073061
robot1,1207389000000,1775929399523904193
robot2,1207391000000,1775929399526076173
robot4,1207392000000,1775929399527191923
robot3,1207584000000,1775929399734749425
robot1,1207585000000,1775929399735886391
robot2,1207586000000,1775929399737132823
robot4,1207587000000,1775929399738296188
robot3,1207784000000,1775929399954635696
robot1,1207785000000,1775929399955449321
robot2,1207787000000,1775929399957858636
robot4,1207793000000,1775929399965037159
robot3,1207985000000,1775929400172919420
robot1,1207987000000,1775929400174947555
robot2,1207988000000,1775929400175949512
robot4,1207989000000,1775929400177079556
robot3,1208185000000,1775929400385840416
robot1,1208189000000,1775929400389367052
robot2,1208191000000,1775929400391729368
robot4,1208192000000,1775929400392717720
robot3,1208386000000,1775929400599983075
robot1,1208387000000,1775929400600607093
robot2,1208388000000,1775929400601958308
robot4,1208389000000,1775929400603556234
robot3,1208585000000,1775929400813102050
robot1,1208587000000,1775929400814645534
robot2,1208588000000,1775929400815734909
robot4,1208589000000,1775929400816815103
robot3,1208785000000,1775929401025440157
robot1,1208787000000,1775929401027990573
robot2,1208788000000,1775929401028480180
robot4,1208789000000,1775929401029631670
robot3,1208997000000,1775929401269465150
robot1,1208999000000,1775929401271425758
robot2,1208999000000,1775929401272921350
robot4,1209001000000,1775929401274629931
robot3,1209184000000,1775929401478848776
robot1,1209185000000,1775929401479750970
robot2,1209186000000,1775929401481166729
robot4,1209187000000,1775929401482434906
robot3,1209385000000,1775929401714444281
robot1,1209386000000,1775929401715209355
robot2,1209387000000,1775929401716593589
robot4,1209389000000,1775929401719284611
robot3,1209585000000,1775929401937756468
robot1,1209589000000,1775929401941939857
robot2,1209590000000,1775929401943299826
robot4,1209594000000,1775929401947957166
robot3,1209784000000,1775929402162949081
robot1,1209788000000,1775929402165884931
robot2,1209789000000,1775929402167380150
robot4,1209790000000,1775929402168570955
robot3,1209986000000,1775929402387992708
robot1,1209987000000,1775929402388820166
robot2,1209991000000,1775929402393381173
robot4,1209993000000,1775929402395684048
robot3,1210185000000,1775929402606985087
robot1,1210187000000,1775929402608839854
robot2,1210188000000,1775929402610083722
robot4,1210191000000,1775929402613423001
robot3,1210384000000,1775929402825794044
robot1,1210388000000,1775929402830044588
robot2,1210391000000,1775929402833712114
robot4,1210393000000,1775929402836805569
robot3,1210584000000,1775929403051267555
robot1,1210585000000,1775929403052004254
robot2,1210586000000,1775929403053651257
robot4,1210587000000,1775929403054345809
robot3,1210785000000,1775929403267757803
robot1,1210786000000,1775929403268617852
robot2,1210788000000,1775929403271078834
robot4,1210791000000,1775929403274308134
robot3,1210985000000,1775929403478599338
robot1,1210988000000,1775929403482487467
robot2,1210992000000,1775929403485718881
robot4,1210994000000,1775929403487900993
robot3,1211187000000,1775929403695428333
robot1,1211188000000,1775929403696495923
robot2,1211189000000,1775929403699469639
robot4,1211190000000,1775929403699981427
robot3,1211387000000,1775929403912068913
robot1,1211391000000,1775929403916015522
robot2,1211393000000,1775929403918247844
robot4,1211397000000,1775929403922771080
robot3,1211585000000,1775929404122228223
robot1,1211586000000,1775929404123234583
robot2,1211591000000,1775929404128955596
robot4,1211595000000,1775929404133341784
robot3,1211786000000,1775929404337867611
robot1,1211789000000,1775929404341143588
robot2,1211791000000,1775929404343343419
robot4,1211793000000,1775929404345550576
robot3,1211985000000,1775929404549335201
robot1,1211990000000,1775929404555148837
robot2,1211993000000,1775929404558419851
robot4,1211995000000,1775929404560783288
robot3,1212184000000,1775929404758334029
robot1,1212197000000,1775929404773471925
robot2,1212198000000,1775929404774674801
robot4,1212199000000,1775929404776117818
robot3,1212388000000,1775929404978419967
robot1,1212389000000,1775929404979551372
robot2,1212390000000,1775929404981040605
robot4,1212391000000,1775929404983081393
robot3,1212586000000,1775929405206083967
robot1,1212591000000,1775929405209926655
robot2,1212592000000,1775929405211895464
robot4,1212596000000,1775929405215484395
robot3,1212784000000,1775929405422104747
robot1,1212785000000,1775929405422820222
robot2,1212786000000,1775929405424113531
robot4,1212787000000,1775929405425396586
robot3,1212983000000,1775929405635061427
robot1,1212985000000,1775929405636204094
robot2,1212986000000,1775929405638124146
robot4,1212988000000,1775929405639280150
robot3,1213184000000,1775929405851706379
robot1,1213188000000,1775929405855859423
robot2,1213189000000,1775929405857046314
robot4,1213193000000,1775929405861662233
robot3,1213386000000,1775929406072386900
robot1,1213387000000,1775929406073168147
robot2,1213393000000,1775929406080451458
robot4,1213394000000,1775929406081901887
robot3,1213587000000,1775929406299045211
robot1,1213590000000,1775929406301958706
robot2,1213591000000,1775929406303402677
robot4,1213593000000,1775929406305761146
robot3,1213784000000,1775929406514600645
robot1,1213788000000,1775929406519722158
robot2,1213795000000,1775929406527421935
robot4,1213800000000,1775929406533588783
robot3,1213984000000,1775929406745334009
robot1,1213985000000,1775929406746425454
robot2,1213986000000,1775929406747643306
robot4,1213987000000,1775929406748961485
robot3,1214184000000,1775929406961971196
robot1,1214186000000,1775929406963093589
robot2,1214187000000,1775929406964427028
robot4,1214188000000,1775929406965723406
robot3,1214386000000,1775929407179907236
robot1,1214387000000,1775929407180795700
robot2,1214388000000,1775929407182339888
robot4,1214389000000,1775929407185705755
robot3,1214587000000,1775929407398268704
robot1,1214588000000,1775929407399514248
robot2,1214589000000,1775929407400799073
robot4,1214590000000,1775929407402052959
robot3,1214784000000,1775929407611895340
robot1,1214785000000,1775929407612694424
robot2,1214786000000,1775929407614072461
robot4,1214787000000,1775929407615701500
robot3,1214984000000,1775929407846342173
robot1,1214985000000,1775929407847092117
robot2,1214986000000,1775929407848635009
robot4,1214987000000,1775929407849823571
robot3,1215184000000,1775929408076848834
robot1,1215185000000,1775929408077877674
robot2,1215186000000,1775929408079224777
robot4,1215187000000,1775929408080614345
robot3,1215384000000,1775929408305540920
robot1,1215385000000,1775929408306253801
robot2,1215386000000,1775929408308001324
robot4,1215387000000,1775929408308804295
robot3,1215584000000,1775929408540438961
robot1,1215585000000,1775929408541245494
robot2,1215586000000,1775929408542501957
robot4,1215587000000,1775929408543761981
robot3,1215784000000,1775929408770250536
robot1,1215785000000,1775929408770980189
robot2,1215786000000,1775929408772169178
robot4,1215787000000,1775929408773392168
robot3,1215986000000,1775929408996897142
robot1,1215987000000,1775929408997882059
robot2,1215988000000,1775929408999149806
robot4,1215989000000,1775929409000619455
robot3,1216184000000,1775929409225860016
robot1,1216185000000,1775929409226580573
robot2,1216186000000,1775929409228157999
robot4,1216187000000,1775929409229450763
robot3,1216384000000,1775929409457730409
robot1,1216385000000,1775929409458584895
robot2,1216386000000,1775929409460028542
robot4,1216387000000,1775929409461261003
robot3,1216584000000,1775929409670178743
robot1,1216585000000,1775929409671890088
robot2,1216586000000,1775929409673500529
robot4,1216587000000,1775929409675265589
robot3,1216784000000,1775929409884419067
robot1,1216785000000,1775929409886116214
robot2,1216787000000,1775929409887521020
robot4,1216788000000,1775929409888741370
robot3,1216985000000,1775929410098963608
robot1,1216986000000,1775929410099664718
robot2,1216987000000,1775929410101130767
robot4,1216988000000,1775929410102723550
robot3,1217184000000,1775929410318753836
robot1,1217185000000,1775929410319693475
robot2,1217186000000,1775929410320982244
robot4,1217187000000,1775929410322235887
robot3,1217384000000,1775929410546867869
robot1,1217385000000,1775929410547709627
robot2,1217386000000,1775929410549010001
robot4,1217387000000,1775929410550449325
robot3,1217584000000,1775929410771217304
robot1,1217585000000,1775929410772066356
robot2,1217586000000,1775929410773544236
robot4,1217587000000,1775929410774753549
robot3,1217784000000,1775929410996178800
robot1,1217785000000,1775929410997094361
robot2,1217786000000,1775929410998219234
robot4,1217787000000,1775929410999510833
robot3,1217984000000,1775929411229264739
robot1,1217985000000,1775929411229891249
robot2,1217986000000,1775929411231159330
robot4,1217987000000,1775929411232456637
robot3,1218184000000,1775929411469082786
robot1,1218185000000,1775929411469770640
robot2,1218185000000,1775929411471459407
robot4,1218187000000,1775929411472361415
robot3,1218384000000,1775929411706603511
robot1,1218385000000,1775929411707590802
robot2,1218386000000,1775929411708846990
robot4,1218387000000,1775929411709939401
robot3,1218584000000,1775929411937320807
robot1,1218585000000,1775929411938466150
robot2,1218586000000,1775929411939756037
robot4,1218587000000,1775929411940893810
robot3,1218784000000,1775929412164145117
robot1,1218785000000,1775929412165060583
robot2,1218786000000,1775929412166253990
robot4,1218787000000,1775929412167735654
robot3,1218984000000,1775929412390152532
robot1,1218985000000,1775929412390861333
robot2,1218986000000,1775929412392344856
robot4,1218987000000,1775929412393549862
robot3,1219184000000,1775929412607024323
robot1,1219185000000,1775929412608041278
robot2,1219186000000,1775929412609196252
robot4,1219187000000,1775929412610732967
robot3,1219384000000,1775929412823090761
robot1,1219385000000,1775929412824016006
robot2,1219386000000,1775929412825150882
robot4,1219387000000,1775929412826399091
robot3,1219584000000,1775929413041815027
robot1,1219585000000,1775929413042370863
robot2,1219586000000,1775929413043544650
robot4,1219587000000,1775929413044855591
robot3,1219785000000,1775929413257372599
robot1,1219786000000,1775929413258054487
robot2,1219787000000,1775929413259202269
robot4,1219788000000,1775929413260458429
robot3,1219984000000,1775929413468868923
robot1,1219985000000,1775929413469444408
robot2,1219986000000,1775929413470862507
robot4,1219988000000,1775929413472748699
robot3,1220183000000,1775929413677917297
robot1,1220185000000,1775929413679800647
robot2,1220187000000,1775929413680919274
robot4,1220188000000,1775929413682975188
robot3,1220384000000,1775929413886458287
robot1,1220385000000,1775929413887694536
robot2,1220386000000,1775929413888885042
robot4,1220388000000,1775929413891001902
robot3,1220590000000,1775929414102808888
robot1,1220591000000,1775929414104029504
robot2,1220592000000,1775929414106178918
robot4,1220594000000,1775929414107366087
robot3,1220785000000,1775929414307959381
robot1,1220786000000,1775929414309013767
robot2,1220787000000,1775929414310446012
robot4,1220788000000,1775929414311667081
robot3,1220984000000,1775929414519472806
robot1,1220985000000,1775929414520582448
robot2,1220986000000,1775929414521792531
robot4,1220987000000,1775929414523091762
robot3,1221184000000,1775929414729995526
robot1,1221185000000,1775929414730657675
robot2,1221186000000,1775929414732073414
robot4,1221187000000,1775929414733177047
robot3,1221384000000,1775929414940025972
robot1,1221385000000,1775929414941177949
robot2,1221386000000,1775929414942350790
robot4,1221387000000,1775929414943587552
robot3,1221584000000,1775929415165723130
robot1,1221585000000,1775929415166330939
robot2,1221586000000,1775929415167453966
robot4,1221587000000,1775929415168680322
robot3,1221784000000,1775929415377965978
robot1,1221785000000,1775929415378757335
robot2,1221786000000,1775929415380079254
robot4,1221787000000,1775929415381353575
robot3,1221984000000,1775929415596306037
robot1,1221985000000,1775929415597127236
robot2,1221986000000,1775929415598289205
robot4,1221987000000,1775929415599595420
robot3,1222184000000,1775929415808605761
robot1,1222185000000,1775929415809426160
robot2,1222186000000,1775929415810671180
robot4,1222187000000,1775929415811827921
robot3,1222384000000,1775929416017981914
robot1,1222385000000,1775929416019205843
robot2,1222387000000,1775929416021396389
robot4,1222388000000,1775929416022572271
robot3,1222584000000,1775929416230290208
robot1,1222585000000,1775929416231346941
robot2,1222586000000,1775929416232589649
robot4,1222587000000,1775929416233776900
robot3,1222783000000,1775929416437994563
robot1,1222785000000,1775929416438921211
robot2,1222786000000,1775929416440079756
robot4,1222787000000,1775929416441214365
robot3,1222984000000,1775929416645865340
robot1,1222985000000,1775929416646844380
robot2,1222986000000,1775929416648261139
robot4,1222987000000,1775929416649377841
robot3,1223183000000,1775929416862661259
robot1,1223185000000,1775929416863234894
robot2,1223186000000,1775929416864506058
robot4,1223187000000,1775929416865671527
robot3,1223386000000,1775929417075640611
robot1,1223387000000,1775929417076052117
robot2,1223389000000,1775929417078572731
robot4,1223392000000,1775929417081443495
robot3,1223585000000,1775929417284875698
robot1,1223587000000,1775929417286695873
robot2,1223588000000,1775929417288102328
robot4,1223590000000,1775929417290123391
robot3,1223789000000,1775929417498865310
robot1,1223791000000,1775929417500589564
robot2,1223795000000,1775929417504476720
robot4,1223796000000,1775929417505592225
robot3,1223986000000,1775929417703086714
robot1,1223988000000,1775929417704903862
robot2,1223990000000,1775929417707139514
robot4,1223991000000,1775929417708190244
robot3,1224184000000,1775929417910238051
robot1,1224185000000,1775929417910891185
robot2,1224187000000,1775929417912913186
robot4,1224188000000,1775929417914067759
robot3,1224385000000,1775929418122000819
robot1,1224386000000,1775929418122418916
robot2,1224388000000,1775929418124402721
robot4,1224389000000,1775929418125679804
robot3,1224585000000,1775929418331931727
robot1,1224589000000,1775929418335851659
robot2,1224590000000,1775929418337126888
robot4,1224593000000,1775929418341687929
robot3,1224784000000,1775929418550344448
robot1,1224785000000,1775929418550980035
robot2,1224786000000,1775929418552238025
robot4,1224787000000,1775929418554312892
robot3,1224984000000,1775929418767664454
robot1,1224985000000,1775929418768559605
robot2,1224986000000,1775929418769766026
robot4,1224987000000,1775929418771036300
robot3,1225184000000,1775929418985726850
robot1,1225188000000,1775929418989699263
robot2,1225191000000,1775929418992085055
robot4,1225193000000,1775929418994260163
robot3,1225384000000,1775929419215817220
robot1,1225385000000,1775929419216446349
robot2,1225386000000,1775929419217784524
robot4,1225387000000,1775929419219094483
robot3,1225584000000,1775929419434949052
robot1,1225588000000,1775929419438866708
robot2,1225589000000,1775929419440917484
robot4,1225593000000,1775929419444432346
robot3,1225785000000,1775929419649418008
robot1,1225786000000,1775929419651092038
robot2,1225790000000,1775929419654476436
robot4,1225797000000,1775929419661945836
robot3,1225984000000,1775929419860411138
robot1,1225985000000,1775929419861147685
robot2,1225986000000,1775929419863239700
robot4,1225993000000,1775929419869766886
robot3,1226188000000,1775929420079502369
robot1,1226190000000,1775929420080132053
robot2,1226196000000,1775929420086565943
robot4,1226198000000,1775929420088588345
robot3,1226385000000,1775929420293071952
robot1,1226386000000,1775929420293656240
robot2,1226387000000,1775929420295006750
robot4,1226388000000,1775929420296374220
robot3,1226584000000,1775929420521118174
robot1,1226585000000,1775929420521723419
robot2,1226589000000,1775929420525983246
robot4,1226590000000,1775929420527165828
robot3,1226787000000,1775929420743607368
robot1,1226789000000,1775929420745775004
robot2,1226791000000,1775929420747780055
robot4,1226792000000,1775929420749871241
robot3,1226985000000,1775929420957293354
robot1,1226987000000,1775929420959319294
robot2,1226988000000,1775929420960435611
robot4,1226991000000,1775929420963735823
robot3,1227184000000,1775929421180916689
robot1,1227185000000,1775929421181613804
robot2,1227186000000,1775929421182991042
robot4,1227187000000,1775929421184266414
robot3,1227384000000,1775929421401911573
robot1,1227386000000,1775929421403981899
robot2,1227387000000,1775929421405235413
robot4,1227388000000,1775929421406476041
robot3,1227586000000,1775929421626325667
robot1,1227587000000,1775929421627046169
robot2,1227588000000,1775929421628444813
robot4,1227589000000,1775929421629624993
robot3,1227784000000,1775929421847311075
robot1,1227785000000,1775929421848037094
robot2,1227787000000,1775929421850178860
robot4,1227788000000,1775929421851471583
robot3,1227985000000,1775929422060318094
robot1,1227988000000,1775929422063146043
robot2,1227989000000,1775929422064380715
robot4,1227990000000,1775929422065634026
robot3,1228184000000,1775929422276244745
robot1,1228185000000,1775929422276930025
robot2,1228186000000,1775929422278168890
robot4,1228187000000,1775929422279412338
robot3,1228384000000,1775929422492314675
robot1,1228385000000,1775929422493066237
robot2,1228386000000,1775929422494332403
robot4,1228387000000,1775929422495648516
robot3,1228584000000,1775929422711939758
robot1,1228585000000,1775929422712573064
robot2,1228586000000,1775929422713964135
robot4,1228587000000,1775929422715260708
robot3,1228784000000,1775929422931302893
robot1,1228785000000,1775929422931999520
robot2,1228787000000,1775929422934523590
robot4,1228789000000,1775929422936720248
robot3,1228984000000,1775929423153532869
robot1,1228985000000,1775929423154074051
robot2,1228986000000,1775929423155400203
robot4,1228987000000,1775929423156537501
robot3,1229184000000,1775929423378229358
robot1,1229186000000,1775929423378787032
robot2,1229187000000,1775929423380178883
robot4,1229188000000,1775929423381268934
robot3,1229384000000,1775929423589034418
robot1,1229385000000,1775929423589983163
robot2,1229386000000,1775929423591100699
robot4,1229387000000,1775929423592132867
robot3,1229583000000,1775929423800701055
robot1,1229585000000,1775929423801790830
robot2,1229586000000,1775929423803753653
robot4,1229588000000,1775929423805867503
robot3,1229785000000,1775929424012831851
robot1,1229787000000,1775929424014975411
robot2,1229788000000,1775929424016383022
robot4,1229789000000,1775929424017482298
robot3,1229984000000,1775929424226316919
robot1,1229987000000,1775929424229292776
robot2,1229989000000,1775929424230401613
robot4,1229990000000,1775929424231796199
robot3,1230184000000,1775929424439106817
robot1,1230185000000,1775929424440030120
robot2,1230187000000,1775929424442275452
robot4,1230188000000,1775929424443194436
robot3,1230384000000,1775929424651109110
robot1,1230385000000,1775929424652386103
robot2,1230387000000,1775929424654778037
robot4,1230388000000,1775929424655963377
robot3,1230584000000,1775929424862960893
robot1,1230585000000,1775929424863825231
robot2,1230587000000,1775929424866200804
robot4,1230588000000,1775929424867404518
robot3,1230784000000,1775929425079466933
robot1,1230785000000,1775929425080277315
robot2,1230786000000,1775929425081438073
robot4,1230787000000,1775929425082603191
robot3,1230984000000,1775929425290680493
robot1,1230985000000,1775929425291230831
robot2,1230986000000,1775929425292500103
robot4,1230987000000,1775929425293586075
robot3,1231185000000,1775929425499739897
robot1,1231186000000,1775929425500863990
robot2,1231187000000,1775929425501836833
robot4,1231188000000,1775929425502973541
robot3,1231385000000,1775929425712213265
robot1,1231387000000,1775929425713831537
robot2,1231388000000,1775929425714871766
robot4,1231390000000,1775929425716007992
robot3,1231584000000,1775929425916453539
robot1,1231586000000,1775929425918468398
robot2,1231587000000,1775929425919724632
robot4,1231588000000,1775929425920862994
robot3,1231784000000,1775929426122872991
robot1,1231785000000,1775929426123866172
robot2,1231786000000,1775929426124955551
robot4,1231787000000,1775929426126155026
robot3,1231984000000,1775929426332555553
robot1,1231985000000,1775929426333466104
robot2,1231986000000,1775929426334730029
robot4,1231989000000,1775929426338421865
robot3,1232186000000,1775929426547449195
robot1,1232189000000,1775929426550854165
robot2,1232190000000,1775929426551897789
robot4,1232191000000,1775929426553194966
robot3,1232384000000,1775929426761509701
robot1,1232385000000,1775929426762594481
robot2,1232386000000,1775929426763972246
robot4,1232387000000,1775929426765308535
robot3,1232584000000,1775929426989374332
robot1,1232586000000,1775929426990432956
robot2,1232588000000,1775929426992489895
robot4,1232589000000,1775929426994579443
robot3,1232784000000,1775929427208457095
robot1,1232786000000,1775929427210099371
robot2,1232787000000,1775929427211603885
robot4,1232788000000,1775929427213769825
robot3,1232984000000,1775929427441205850
robot1,1232985000000,1775929427441826956
robot2,1232986000000,1775929427443166339
robot4,1232987000000,1775929427445571476
robot3,1233184000000,1775929427660711053
robot1,1233185000000,1775929427661602445
robot2,1233189000000,1775929427665751413
robot4,1233190000000,1775929427667846175
robot3,1233385000000,1775929427874788952
robot1,1233386000000,1775929427876022828
robot2,1233387000000,1775929427877267765
robot4,1233389000000,1775929427879185063
robot3,1233584000000,1775929428087513525
robot1,1233585000000,1775929428088622424
robot2,1233586000000,1775929428089728610
robot4,1233587000000,1775929428091054249
robot3,1233783000000,1775929428301503314
robot1,1233787000000,1775929428304347547
robot2,1233788000000,1775929428305519802
robot4,1233791000000,1775929428309894823
robot3,1233985000000,1775929428515436959
robot1,1233986000000,1775929428516689956
robot2,1233987000000,1775929428517834959
robot4,1233988000000,1775929428518927088
robot3,1234185000000,1775929428730994458
robot1,1234186000000,1775929428732168888
robot2,1234187000000,1775929428733372283
robot4,1234188000000,1775929428734562303
robot3,1234384000000,1775929428946624905
robot1,1234386000000,1775929428948581729
robot2,1234387000000,1775929428949700586
robot4,1234389000000,1775929428952057354
robot3,1234584000000,1775929429181072184
robot1,1234585000000,1775929429181822766
robot2,1234588000000,1775929429185514597
robot4,1234589000000,1775929429186550556
robot3,1234789000000,1775929429414965962
robot1,1234790000000,1775929429415628173
robot2,1234794000000,1775929429421269060
robot4,1234798000000,1775929429424843160
robot3,1234985000000,1775929429635825915
robot1,1234991000000,1775929429642425523
robot2,1234993000000,1775929429644989005
robot4,1234995000000,1775929429647193585
robot3,1235186000000,1775929429865665772
robot1,1235187000000,1775929429866103903
robot2,1235188000000,1775929429867164836
robot4,1235189000000,1775929429868339290
robot3,1235384000000,1775929430082324335
robot1,1235385000000,1775929430083198770
robot2,1235386000000,1775929430084735189
robot4,1235387000000,1775929430085663040
robot3,1235586000000,1775929430294421235
robot1,1235589000000,1775929430297147717
robot2,1235593000000,1775929430301173067
robot4,1235595000000,1775929430303388394
robot3,1235784000000,1775929430499225037
robot1,1235787000000,1775929430501981034
robot2,1235788000000,1775929430503680409
robot4,1235789000000,1775929430505187193
robot1,1235985000000,1775929430707787453
robot3,1235984000000,1775929430707977800
robot2,1235987000000,1775929430709037836
robot4,1235987000000,1775929430709830202
robot3,1236186000000,1775929430913698651
robot1,1236187000000,1775929430914214228
robot2,1236188000000,1775929430916243807
robot4,1236190000000,1775929430918316321
robot3,1236385000000,1775929431119049686
robot1,1236386000000,1775929431119701841
robot2,1236390000000,1775929431124341150
robot4,1236391000000,1775929431125091707
robot3,1236584000000,1775929431323930504
robot1,1236585000000,1775929431324529840
robot2,1236586000000,1775929431325684377
robot4,1236587000000,1775929431326696673
robot3,1236784000000,1775929431527980295
robot1,1236787000000,1775929431530746264
robot2,1236788000000,1775929431531488988
robot4,1236789000000,1775929431532931236
robot3,1236985000000,1775929431733357634
robot1,1236986000000,1775929431733943033
robot2,1236987000000,1775929431735027567
robot4,1236988000000,1775929431736197907
robot3,1237183000000,1775929431938843911
robot1,1237186000000,1775929431940425730
robot2,1237187000000,1775929431941466816
robot4,1237188000000,1775929431942449669
robot3,1237384000000,1775929432150557819
robot1,1237386000000,1775929432152092919
robot2,1237389000000,1775929432155126803
robot4,1237390000000,1775929432156128494
robot3,1237583000000,1775929432373225804
robot1,1237585000000,1775929432373957107
robot2,1237586000000,1775929432375406330
robot4,1237587000000,1775929432376614850
robot3,1237785000000,1775929432599008285
robot1,1237787000000,1775929432599465926
robot2,1237788000000,1775929432600024821
robot4,1237790000000,1775929432602264875
robot3,1237984000000,1775929432822035298
robot1,1237985000000,1775929432823021145
robot2,1237986000000,1775929432824336733
robot4,1237987000000,1775929432825551806
robot3,1238184000000,1775929433051660304
robot1,1238185000000,1775929433052458163
robot2,1238186000000,1775929433053723211
robot4,1238187000000,1775929433054881967
robot3,1238384000000,1775929433283705317
robot1,1238385000000,1775929433284494552
robot2,1238386000000,1775929433285691825
robot4,1238387000000,1775929433287311021
robot3,1238584000000,1775929433507697105
robot1,1238585000000,1775929433508460153
robot2,1238586000000,1775929433509737386
robot4,1238587000000,1775929433510919406
robot3,1238785000000,1775929433733977775
robot1,1238786000000,1775929433734882037
robot2,1238787000000,1775929433736245021
robot4,1238788000000,1775929433737472053
robot3,1238984000000,1775929433954704198
robot1,1238985000000,1775929433955568706
robot2,1238987000000,1775929433957880832
robot4,1238988000000,1775929433959138093
robot3,1239184000000,1775929434176412557
robot1,1239185000000,1775929434177422826
robot2,1239186000000,1775929434178694685
robot4,1239187000000,1775929434180071481
robot3,1239384000000,1775929434403605941
robot1,1239385000000,1775929434404327733
robot2,1239386000000,1775929434405476719
robot4,1239387000000,1775929434406633512
robot3,1239584000000,1775929434643321959
robot1,1239585000000,1775929434644029265
robot2,1239586000000,1775929434645320594
robot4,1239587000000,1775929434646567137
robot3,1239784000000,1775929434860634189
robot1,1239785000000,1775929434861619336
robot2,1239786000000,1775929434862837024
robot4,1239787000000,1775929434864433775
robot3,1239985000000,1775929435084865126
robot1,1239986000000,1775929435085664848
robot2,1239987000000,1775929435086985169
robot4,1239988000000,1775929435088361588
robot3,1240185000000,1775929435306317834
robot1,1240186000000,1775929435307185711
robot2,1240187000000,1775929435308542681
robot4,1240188000000,1775929435309856488
robot3,1240385000000,1775929435519841910
robot1,1240386000000,1775929435520888708
robot2,1240387000000,1775929435522221005
robot4,1240388000000,1775929435523492726
robot3,1240586000000,1775929435739823597
robot1,1240587000000,1775929435740650581
robot2,1240588000000,1775929435741976068
robot4,1240589000000,1775929435743350114
robot3,1240785000000,1775929435951545495
robot1,1240786000000,1775929435952684341
robot2,1240787000000,1775929435953922045
robot4,1240788000000,1775929435955203278
robot3,1240984000000,1775929436164367654
robot1,1240985000000,1775929436165648877
robot2,1240986000000,1775929436166848371
robot4,1240987000000,1775929436168258789
robot3,1241186000000,1775929436382694826
robot1,1241187000000,1775929436383898982
robot2,1241188000000,1775929436385098079
robot4,1241189000000,1775929436387319688
robot3,1241384000000,1775929436596423574
robot1,1241385000000,1775929436597452670
robot2,1241386000000,1775929436598578501
robot4,1241387000000,1775929436599913057
robot3,1241584000000,1775929436818099007
robot1,1241585000000,1775929436818861067
robot2,1241586000000,1775929436820221369
robot4,1241587000000,1775929436821800991
robot3,1241784000000,1775929437054376976
robot1,1241785000000,1775929437055151280
robot2,1241786000000,1775929437056561642
robot4,1241787000000,1775929437058017853
robot3,1241984000000,1775929437276089895
robot1,1241985000000,1775929437276998392
robot2,1241986000000,1775929437278301086
robot4,1241987000000,1775929437279547894
robot3,1242185000000,1775929437494537955
robot1,1242186000000,1775929437495682482
robot2,1242187000000,1775929437496946834
robot4,1242188000000,1775929437498123706
robot3,1242384000000,1775929437704089396
robot1,1242385000000,1775929437704993221
robot2,1242386000000,1775929437706324376
robot4,1242387000000,1775929437707589540
robot3,1242583000000,1775929437913680815
robot1,1242585000000,1775929437914691141
robot2,1242586000000,1775929437915876516
robot4,1242587000000,1775929437917067628
robot3,1242786000000,1775929438125261783
robot1,1242788000000,1775929438128038878
robot2,1242789000000,1775929438129708296
robot4,1242790000000,1775929438130902737
robot3,1242984000000,1775929438337452309
robot1,1242985000000,1775929438338390314
robot2,1242986000000,1775929438339610246
robot4,1242987000000,1775929438340718765
robot3,1243185000000,1775929438548161641
robot1,1243187000000,1775929438550296726
robot2,1243188000000,1775929438551429607
robot4,1243189000000,1775929438552481293
robot3,1243384000000,1775929438754432348
robot1,1243385000000,1775929438755731204
robot2,1243386000000,1775929438756782313
robot4,1243387000000,1775929438757882725
robot3,1243583000000,1775929438962012683
robot1,1243585000000,1775929438963154539
robot2,1243586000000,1775929438964356579
robot4,1243587000000,1775929438965603200
robot3,1243784000000,1775929439174856896
robot1,1243785000000,1775929439175586752
robot2,1243786000000,1775929439176897487
robot4,1243787000000,1775929439178132591
robot3,1243984000000,1775929439389442606
robot1,1243985000000,1775929439390124887
robot2,1243986000000,1775929439392510902
robot4,1243988000000,1775929439394687693
robot3,1244185000000,1775929439604023245
robot1,1244186000000,1775929439604864159
robot2,1244187000000,1775929439606081105
robot4,1244188000000,1775929439607215288
robot3,1244383000000,1775929439821480221
robot1,1244385000000,1775929439822348581
robot2,1244386000000,1775929439823753401
robot4,1244387000000,1775929439824933476
robot3,1244583000000,1775929440050264505
robot1,1244585000000,1775929440050909984
robot2,1244586000000,1775929440052002849
robot4,1244587000000,1775929440053249155
robot3,1244784000000,1775929440269978752
robot1,1244785000000,1775929440271557535
robot2,1244786000000,1775929440272085254
robot4,1244787000000,1775929440273368524
robot3,1244984000000,1775929440490746908
robot1,1244985000000,1775929440491576276
robot2,1244986000000,1775929440492813576
robot4,1244987000000,1775929440494018305
robot3,1245184000000,1775929440716872343
robot1,1245185000000,1775929440717456235
robot2,1245186000000,1775929440718596123
robot4,1245187000000,1775929440719937707
robot3,1245384000000,1775929440940874014
robot1,1245385000000,1775929440941721733
robot2,1245386000000,1775929440943409137
robot4,1245387000000,1775929440944451180
robot1,1245585000000,1775929441173703295
robot3,1245584000000,1775929441173895584
robot2,1245586000000,1775929441174280958
robot4,1245587000000,1775929441175100275
robot3,1245784000000,1775929441398486393
robot1,1245785000000,1775929441399213183
robot2,1245786000000,1775929441400612646
robot4,1245787000000,1775929441401744992
robot3,1245984000000,1775929441622541871
robot1,1245985000000,1775929441623350102
robot2,1245986000000,1775929441624571956
robot4,1245987000000,1775929441625972753
robot3,1246184000000,1775929441843963803
robot1,1246186000000,1775929441844747057
robot2,1246188000000,1775929441847219602
robot4,1246189000000,1775929441848598625
robot3,1246385000000,1775929442074187814
robot1,1246386000000,1775929442074958619
robot2,1246388000000,1775929442077499432
robot4,1246390000000,1775929442081214606
robot3,1246584000000,1775929442293034354
robot1,1246585000000,1775929442293745149
robot2,1246586000000,1775929442294919145
robot4,1246587000000,1775929442296187514
robot3,1246784000000,1775929442507088074
robot1,1246785000000,1775929442508114029
robot2,1246786000000,1775929442509165525
robot4,1246787000000,1775929442510490634
robot3,1246984000000,1775929442720753528
robot1,1246985000000,1775929442722405159
robot2,1246987000000,1775929442723548354
robot4,1246988000000,1775929442724950158
robot3,1247184000000,1775929442936627376
robot1,1247185000000,1775929442937387481
robot2,1247186000000,1775929442938640871
robot4,1247188000000,1775929442940954231
robot3,1247384000000,1775929443161832231
robot1,1247385000000,1775929443162533265
robot2,1247386000000,1775929443163766810
robot4,1247387000000,1775929443165037946
robot3,1247584000000,1775929443381934547
robot1,1247585000000,1775929443382712100
robot2,1247586000000,1775929443384070298
robot4,1247588000000,1775929443386543147
robot3,1247785000000,1775929443598491605
robot1,1247786000000,1775929443599296762
robot2,1247787000000,1775929443600650918
robot4,1247788000000,1775929443601888602
robot3,1247984000000,1775929443813330406
robot1,1247988000000,1775929443815934128
robot2,1247989000000,1775929443817169458
robot4,1247990000000,1775929443818396244
robot3,1248184000000,1775929444033461448
robot1,1248185000000,1775929444034157822
robot2,1248186000000,1775929444035509091
robot4,1248187000000,1775929444036806494
robot3,1248384000000,1775929444250169727
robot1,1248385000000,1775929444250918803
robot2,1248386000000,1775929444252323678
robot4,1248387000000,1775929444253535464
robot3,1248587000000,1775929444465555839
robot1,1248588000000,1775929444466374594
robot2,1248589000000,1775929444467456797
robot4,1248590000000,1775929444468959397
robot3,1248784000000,1775929444674281146
robot1,1248785000000,1775929444675201713
robot2,1248786000000,1775929444676658193
robot4,1248787000000,1775929444677872202
robot3,1248984000000,1775929444891778984
robot1,1248985000000,1775929444892517382
robot2,1248986000000,1775929444893816995
robot4,1248987000000,1775929444895096734
robot3,1249184000000,1775929445113365907
robot1,1249185000000,1775929445114057228
robot2,1249186000000,1775929445115412810
robot4,1249187000000,1775929445116748423
robot3,1249384000000,1775929445325151551
robot1,1249385000000,1775929445326727882
robot2,1249386000000,1775929445327205217
robot4,1249387000000,1775929445328583880
robot3,1249584000000,1775929445535014843
robot1,1249585000000,1775929445535980370
robot2,1249586000000,1775929445537153316
robot4,1249587000000,1775929445538384266
robot3,1249784000000,1775929445743030337
robot1,1249785000000,1775929445744002942
robot2,1249786000000,1775929445745425592
robot4,1249787000000,1775929445746725483
robot3,1249984000000,1775929445956307049
robot1,1249986000000,1775929445958382115
robot2,1249987000000,1775929445959754422
robot4,1249988000000,1775929445961020881
robot3,1250184000000,1775929446163848796
robot1,1250185000000,1775929446165139445
robot2,1250186000000,1775929446166356126
robot4,1250187000000,1775929446167950934
robot3,1250383000000,1775929446376476447
robot1,1250385000000,1775929446377376743
robot2,1250386000000,1775929446378917797
robot4,1250387000000,1775929446380395637
robot3,1250584000000,1775929446588941805
robot1,1250585000000,1775929446589807449
robot2,1250586000000,1775929446591228140
robot4,1250587000000,1775929446592522631
robot3,1250784000000,1775929446800954957
robot1,1250785000000,1775929446802026848
robot2,1250786000000,1775929446803417434
robot4,1250787000000,1775929446804676089
robot3,1250986000000,1775929447016396010
robot1,1250987000000,1775929447018044818
robot2,1250989000000,1775929447019412350
robot4,1250990000000,1775929447020399292
robot3,1251187000000,1775929447238531643
robot1,1251189000000,1775929447241446805
robot2,1251191000000,1775929447243626221
robot4,1251193000000,1775929447244892388
robot3,1251384000000,1775929447446697112
robot1,1251388000000,1775929447450706541
robot2,1251390000000,1775929447452942864
robot4,1251395000000,1775929447457669045
robot3,1251585000000,1775929447657927725
robot1,1251589000000,1775929447662893822
robot2,1251595000000,1775929447668207710
robot4,1251597000000,1775929447670172306
robot3,1251784000000,1775929447868195512
robot1,1251789000000,1775929447872834555
robot2,1251790000000,1775929447874113375
robot4,1251792000000,1775929447876305222
robot3,1251986000000,1775929448081309668
robot1,1251987000000,1775929448082263538
robot2,1251988000000,1775929448083686771
robot4,1251991000000,1775929448087166694
robot3,1252186000000,1775929448294073266
robot1,1252187000000,1775929448295024453
robot2,1252189000000,1775929448298176740
robot4,1252191000000,1775929448299917835
robot3,1252385000000,1775929448503172841
robot1,1252387000000,1775929448505161511
robot2,1252390000000,1775929448508606774
robot4,1252391000000,1775929448509957912
robot3,1252584000000,1775929448714909806
robot1,1252585000000,1775929448715798616
robot2,1252586000000,1775929448716920686
robot4,1252587000000,1775929448718062692
robot3,1252785000000,1775929448931881005
robot1,1252787000000,1775929448933748235
robot2,1252793000000,1775929448940742158
robot4,1252794000000,1775929448942831176
robot3,1252984000000,1775929449150733017
robot1,1252988000000,1775929449155365474
robot2,1252990000000,1775929449157672122
robot4,1252991000000,1775929449159624330
robot3,1253184000000,1775929449363658491
robot1,1253186000000,1775929449365568007
robot2,1253188000000,1775929449367751631
robot4,1253195000000,1775929449374990586
robot3,1253387000000,1775929449576382851
robot1,1253388000000,1775929449577387819
robot2,1253392000000,1775929449581921715
robot4,1253395000000,1775929449586083524
robot3,1253588000000,1775929449788927450
robot1,1253591000000,1775929449791955686
robot2,1253593000000,1775929449794200527
robot4,1253594000000,1775929449795230573
robot3,1253784000000,1775929449999880020
robot1,1253785000000,1775929450001954646
robot2,1253789000000,1775929450005775235
robot4,1253791000000,1775929450007936251
robot3,1253985000000,1775929450215564375
robot1,1253988000000,1775929450217623120
robot2,1253989000000,1775929450218817982
robot4,1253991000000,1775929450222061067
robot3,1254187000000,1775929450436292308
robot1,1254192000000,1775929450441847394
robot2,1254193000000,1775929450443352111
robot4,1254194000000,1775929450444993670
robot3,1254387000000,1775929450652846853
robot1,1254388000000,1775929450653777952
robot2,1254389000000,1775929450654847990
robot4,1254390000000,1775929450656051751
robot3,1254585000000,1775929450869013907
robot1,1254590000000,1775929450874054153
robot2,1254595000000,1775929450880039971
robot4,1254597000000,1775929450882140271
robot3,1254785000000,1775929451093443591
robot1,1254786000000,1775929451093898189
robot2,1254788000000,1775929451097106338
robot4,1254791000000,1775929451099465074
robot3,1254984000000,1775929451312000274
robot1,1254985000000,1775929451312585546
robot2,1254987000000,1775929451314806435
robot4,1254988000000,1775929451316044093
robot3,1255184000000,1775929451528914278
robot1,1255185000000,1775929451529750644
robot2,1255186000000,1775929451531116144
robot4,1255187000000,1775929451532473310
robot3,1255384000000,1775929451745091552
robot1,1255385000000,1775929451745864524
robot2,1255386000000,1775929451747100388
robot4,1255387000000,1775929451748539843
robot3,1255584000000,1775929451959671268
robot1,1255585000000,1775929451960524529
robot2,1255586000000,1775929451961672386
robot4,1255587000000,1775929451963025396
robot3,1255784000000,1775929452188045644
robot1,1255785000000,1775929452188755385
robot2,1255786000000,1775929452190016960
robot4,1255787000000,1775929452191212155
robot3,1255984000000,1775929452410857175
robot1,1255985000000,1775929452411592349
robot2,1255986000000,1775929452412863643
robot4,1255987000000,1775929452414081083
robot3,1256184000000,1775929452630915444
robot1,1256186000000,1775929452632217709
robot2,1256187000000,1775929452633524225
robot4,1256188000000,1775929452634433656
robot3,1256384000000,1775929452847067761
robot1,1256385000000,1775929452847777630
robot2,1256386000000,1775929452849094879
robot4,1256387000000,1775929452850353142
robot3,1256584000000,1775929453065425729
robot1,1256585000000,1775929453066185608
robot2,1256587000000,1775929453068665815
robot4,1256588000000,1775929453069880673
robot3,1256785000000,1775929453295465456
robot1,1256786000000,1775929453296038868
robot2,1256787000000,1775929453297324322
robot4,1256788000000,1775929453298555777
robot3,1256984000000,1775929453516388398
robot1,1256985000000,1775929453517518610
robot2,1256986000000,1775929453518792070
robot4,1256987000000,1775929453520299451
robot3,1257183000000,1775929453737186472
robot1,1257185000000,1775929453738047031
robot2,1257186000000,1775929453739523789
robot4,1257187000000,1775929453740499765
robot3,1257384000000,1775929453949505443
robot1,1257385000000,1775929453950232068
robot2,1257386000000,1775929453952693544
robot4,1257388000000,1775929453953808466
robot3,1257584000000,1775929454160662613
robot1,1257586000000,1775929454162533459
robot2,1257587000000,1775929454163732097
robot4,1257588000000,1775929454165079437
robot3,1257784000000,1775929454375468104
robot1,1257785000000,1775929454376207398
robot2,1257786000000,1775929454377460013
robot4,1257788000000,1775929454379897147
robot3,1257984000000,1775929454588262611
robot1,1257985000000,1775929454588982962
robot2,1257986000000,1775929454590205602
robot4,1257987000000,1775929454591482124
robot3,1258192000000,1775929454807996661
robot1,1258193000000,1775929454808786602
robot2,1258195000000,1775929454811194610
robot4,1258197000000,1775929454813181858
robot3,1258385000000,1775929455013449023
robot1,1258386000000,1775929455015063836
robot2,1258387000000,1775929455015668855
robot4,1258389000000,1775929455018416470
robot3,1258584000000,1775929455226276634
robot1,1258587000000,1775929455229283235
robot2,1258589000000,1775929455231652697
robot4,1258593000000,1775929455235815249
robot3,1258784000000,1775929455440612373
robot1,1258786000000,1775929455442610603
robot2,1258787000000,1775929455443963558
robot4,1258788000000,1775929455445188622
robot3,1258983000000,1775929455653897276
robot1,1258985000000,1775929455654610739
robot2,1258986000000,1775929455655884971
robot4,1258987000000,1775929455656992912
robot3,1259185000000,1775929455865469995
robot1,1259186000000,1775929455866268280
robot2,1259187000000,1775929455867581842
robot4,1259188000000,1775929455868798786
robot3,1259383000000,1775929456083046583
robot1,1259385000000,1775929456083737631
robot2,1259386000000,1775929456086097134
robot4,1259387000000,1775929456086226797
robot3,1259584000000,1775929456290815867
robot1,1259585000000,1775929456291869475
robot2,1259586000000,1775929456293083904
robot4,1259587000000,1775929456294273012
robot3,1259784000000,1775929456500354008
robot1,1259785000000,1775929456500992501
robot2,1259787000000,1775929456503209066
robot4,1259788000000,1775929456504412491
robot3,1259984000000,1775929456708905018
robot1,1259985000000,1775929456709845309
robot2,1259986000000,1775929456711111656
robot4,1259987000000,1775929456712374615
robot3,1260184000000,1775929456920531216
robot1,1260185000000,1775929456921589807
robot2,1260186000000,1775929456922881519
robot4,1260187000000,1775929456924119278
robot3,1260384000000,1775929457137612481
robot1,1260385000000,1775929457138858064
robot2,1260389000000,1775929457143665711
robot4,1260391000000,1775929457146043357
robot3,1260583000000,1775929457359772581
robot1,1260585000000,1775929457360443785
robot2,1260586000000,1775929457362604322
robot4,1260589000000,1775929457365103119
robot3,1260784000000,1775929457573235862
robot1,1260785000000,1775929457574911230
robot2,1260789000000,1775929457578673307
robot4,1260791000000,1775929457581893647
robot3,1260986000000,1775929457791481429
robot1,1260987000000,1775929457792489733
robot2,1260993000000,1775929457799096940
robot4,1260996000000,1775929457802424995
robot3,1261184000000,1775929458005777025
robot1,1261187000000,1775929458009052715
robot2,1261191000000,1775929458013514507
robot4,1261193000000,1775929458016038050
robot3,1261384000000,1775929458224375239
robot1,1261387000000,1775929458227273571
robot2,1261388000000,1775929458228430640
robot4,1261390000000,1775929458230628682
robot3,1261584000000,1775929458446996018
robot1,1261587000000,1775929458450109900
robot2,1261590000000,1775929458452980212
robot4,1261594000000,1775929458457575657
robot3,1261784000000,1775929458656595649
robot1,1261785000000,1775929458657931406
robot2,1261787000000,1775929458659887861
robot4,1261789000000,1775929458662168412
robot3,1261985000000,1775929458867816634
robot1,1261989000000,1775929458871136236
robot2,1261994000000,1775929458876099401
robot4,1261998000000,1775929458880525443
robot3,1262185000000,1775929459078568610
robot1,1262187000000,1775929459080901663
robot2,1262193000000,1775929459087462147
robot4,1262194000000,1775929459089535542
robot3,1262387000000,1775929459295662024
robot1,1262390000000,1775929459298273892
robot2,1262391000000,1775929459299643612
robot4,1262397000000,1775929459306711544
robot3,1262585000000,1775929459507650185
robot1,1262587000000,1775929459509720475
robot2,1262591000000,1775929459514424898
robot4,1262594000000,1775929459517672438
robot3,1262786000000,1775929459721330433
robot1,1262789000000,1775929459723493863
robot2,1262791000000,1775929459725544059
robot4,1262793000000,1775929459727660033
robot3,1262985000000,1775929459931735127
robot1,1262988000000,1775929459934617687
robot2,1262992000000,1775929459938933655
robot4,1262993000000,1775929459940255754
robot3,1263184000000,1775929460143680422
robot1,1263193000000,1775929460154129527
robot2,1263195000000,1775929460155575165
robot4,1263197000000,1775929460157935763
robot3,1263386000000,1775929460362212462
robot1,1263388000000,1775929460364965557
robot2,1263391000000,1775929460368102185
robot4,1263398000000,1775929460374560680
robot3,1263584000000,1775929460574998111
robot1,1263587000000,1775929460577717578
robot2,1263589000000,1775929460579859742
robot4,1263591000000,1775929460582173716
robot3,1263784000000,1775929460799853668
robot1,1263785000000,1775929460800699047
robot2,1263786000000,1775929460801976165
robot4,1263790000000,1775929460806297452
robot3,1263985000000,1775929461028247794
robot1,1263989000000,1775929461032965374
robot2,1263990000000,1775929461034059918
robot4,1263991000000,1775929461035377710
robot3,1264189000000,1775929461260448561
robot1,1264192000000,1775929461263521367
robot2,1264193000000,1775929461265234507
robot4,1264194000000,1775929461266005469
robot3,1264387000000,1775929461484275956
robot1,1264393000000,1775929461490772795
robot2,1264395000000,1775929461493031805
robot4,1264398000000,1775929461496828850
robot3,1264586000000,1775929461707593029
robot1,1264587000000,1775929461708402621
robot2,1264589000000,1775929461710857390
robot4,1264591000000,1775929461713082593
robot3,1264784000000,1775929461932567848
robot1,1264788000000,1775929461936551985
robot2,1264789000000,1775929461938482488
robot4,1264790000000,1775929461939486057
robot3,1264984000000,1775929462161532808
robot1,1264992000000,1775929462171253348
robot2,1264994000000,1775929462173586931
robot4,1264996000000,1775929462175476571
robot3,1265185000000,1775929462415370346
robot1,1265190000000,1775929462421413421
robot2,1265192000000,1775929462422728914
robot4,1265193000000,1775929462424192136
robot3,1265384000000,1775929462636392327
robot1,1265387000000,1775929462639736440
robot2,1265389000000,1775929462642342897
robot4,1265392000000,1775929462646559231
robot3,1265585000000,1775929462861413940
robot1,1265587000000,1775929462863901159
robot2,1265588000000,1775929462865494427
robot4,1265589000000,1775929462866886491
robot3,1265785000000,1775929463089739063
robot1,1265787000000,1775929463091768522
robot2,1265791000000,1775929463096758806
robot4,1265792000000,1775929463097926459
robot3,1265985000000,1775929463342708372
robot1,1265990000000,1775929463348241317
robot2,1265991000000,1775929463349414653
robot4,1265992000000,1775929463350692383
robot3,1266185000000,1775929463573874389
robot1,1266189000000,1775929463577756653
robot2,1266191000000,1775929463580192089
robot4,1266192000000,1775929463582195423
robot3,1266387000000,1775929463795506438
robot1,1266388000000,1775929463796366603
robot2,1266389000000,1775929463797939043
robot4,1266391000000,1775929463800106495
robot3,1266584000000,1775929464007712220
robot1,1266585000000,1775929464008649046
robot2,1266586000000,1775929464010209157
robot4,1266587000000,1775929464012133231
robot3,1266785000000,1775929464227036210
robot1,1266786000000,1775929464227698315
robot2,1266787000000,1775929464228833016
robot4,1266788000000,1775929464229986262
robot3,1266984000000,1775929464439645514
robot1,1266986000000,1775929464442356414
robot2,1266988000000,1775929464443565462
robot4,1266992000000,1775929464447668485
robot3,1267184000000,1775929464653674758
robot1,1267185000000,1775929464654304292
robot2,1267186000000,1775929464655498757
robot4,1267187000000,1775929464657548189
robot3,1267384000000,1775929464867505505
robot1,1267385000000,1775929464868411168
robot2,1267389000000,1775929464872784454
robot4,1267390000000,1775929464873875753
robot3,1267584000000,1775929465089161298
robot1,1267585000000,1775929465089792818
robot2,1267586000000,1775929465091030390
robot4,1267587000000,1775929465092289807
robot3,1267786000000,1775929465310108445
robot1,1267791000000,1775929465313922912
robot2,1267793000000,1775929465316149168
robot4,1267794000000,1775929465317302435
robot3,1267991000000,1775929465526818215
robot1,1267994000000,1775929465530587236
robot2,1267997000000,1775929465532778682
robot4,1267999000000,1775929465535021242
robot3,1268185000000,1775929465731472464
robot1,1268191000000,1775929465737608206
robot2,1268193000000,1775929465739679528
robot4,1268194000000,1775929465740739082
robot3,1268383000000,1775929465939944409
robot1,1268389000000,1775929465945902933
robot2,1268391000000,1775929465947062585
robot4,1268394000000,1775929465950117840
robot3,1268585000000,1775929466157403355
robot1,1268586000000,1775929466157955729
robot2,1268588000000,1775929466160182885
robot4,1268589000000,1775929466162104803
robot3,1268784000000,1775929466367076653
robot1,1268788000000,1775929466372022928
robot2,1268792000000,1775929466375474698
robot4,1268793000000,1775929466377358780
robot3,1268986000000,1775929466581821747
robot1,1268989000000,1775929466584481664
robot2,1268990000000,1775929466585501731
robot4,1268991000000,1775929466586870578
robot3,1269184000000,1775929466791890895
robot1,1269185000000,1775929466792748034
robot2,1269189000000,1775929466796112340
robot4,1269191000000,1775929466798329557
robot3,1269383000000,1775929467001056855
robot1,1269385000000,1775929467002029970
robot2,1269387000000,1775929467004482300
robot4,1269388000000,1775929467005646032
robot3,1269584000000,1775929467221451684
robot1,1269587000000,1775929467225268330
robot2,1269589000000,1775929467226406531
robot4,1269591000000,1775929467229519221
robot3,1269787000000,1775929467455927208
robot1,1269789000000,1775929467457671853
robot2,1269791000000,1775929467459738310
robot4,1269793000000,1775929467461781365
robot3,1269984000000,1775929467666641472
robot1,1269985000000,1775929467667625343
robot2,1269986000000,1775929467668764310
robot4,1269987000000,1775929467669880482
robot3,1270184000000,1775929467884938836
robot1,1270189000000,1775929467889996733
robot2,1270190000000,1775929467891162908
robot4,1270192000000,1775929467893365395
robot3,1270384000000,1775929468104158239
robot1,1270385000000,1775929468104738982
robot2,1270386000000,1775929468105945341
robot4,1270387000000,1775929468107294576
robot3,1270584000000,1775929468318896220
robot1,1270585000000,1775929468320100560
robot2,1270586000000,1775929468321221221
robot4,1270587000000,1775929468322331567
robot3,1270783000000,1775929468529611502
robot1,1270785000000,1775929468530648569
robot2,1270786000000,1775929468531918234
robot4,1270787000000,1775929468532929860
robot3,1270984000000,1775929468740246516
robot1,1270985000000,1775929468741181706
robot2,1270986000000,1775929468742269645
robot4,1270987000000,1775929468743405565
robot3,1271184000000,1775929468947415278
robot1,1271185000000,1775929468949248359
robot2,1271187000000,1775929468950490013
robot4,1271191000000,1775929468954525806
robot3,1271383000000,1775929469161213421
robot1,1271386000000,1775929469163173926
robot2,1271391000000,1775929469168734902
robot4,1271393000000,1775929469170780539
robot3,1271588000000,1775929469375064562
robot1,1271589000000,1775929469375900030
robot2,1271590000000,1775929469378217524
robot4,1271592000000,1775929469379588398
robot3,1271784000000,1775929469579409814
robot1,1271786000000,1775929469581512095
robot2,1271787000000,1775929469582488722
robot4,1271789000000,1775929469584634437
robot3,1271984000000,1775929469788982926
robot1,1271985000000,1775929469789602135
robot2,1271986000000,1775929469790746706
robot4,1271986000000,1775929469792013988
robot3,1272186000000,1775929469997543624
robot1,1272189000000,1775929470000573506
robot2,1272191000000,1775929470002820463
robot4,1272193000000,1775929470005142879
robot3,1272385000000,1775929470205286026
robot1,1272389000000,1775929470209432586
robot2,1272392000000,1775929470212563694
robot4,1272393000000,1775929470213707644
robot3,1272584000000,1775929470418198282
robot1,1272587000000,1775929470421401573
robot2,1272589000000,1775929470423494307
robot4,1272590000000,1775929470425789789
robot3,1272784000000,1775929470627053345
robot1,1272785000000,1775929470628189830
robot2,1272787000000,1775929470630242724
robot4,1272789000000,1775929470632335154
robot3,1272984000000,1775929470837462367
robot1,1272987000000,1775929470839455501
robot2,1272989000000,1775929470841800419
robot4,1272990000000,1775929470842996372
robot3,1273184000000,1775929471053064124
robot1,1273186000000,1775929471055001438
robot2,1273187000000,1775929471056510160
robot4,1273188000000,1775929471057497379
robot3,1273385000000,1775929471269771906
robot1,1273388000000,1775929471273510773
robot2,1273391000000,1775929471275644706
robot4,1273393000000,1775929471277832061
robot3,1273584000000,1775929471480025473
robot1,1273586000000,1775929471481907585
robot2,1273590000000,1775929471486353963
robot4,1273593000000,1775929471489687135
robot3,1273785000000,1775929471696091122
robot1,1273787000000,1775929471697761926
robot2,1273788000000,1775929471698902475
robot4,1273789000000,1775929471699924786
robot3,1273985000000,1775929471910334615
robot1,1273986000000,1775929471910916063
robot2,1273987000000,1775929471911984046
robot4,1273989000000,1775929471914066434
robot3,1274183000000,1775929472123083740
robot1,1274185000000,1775929472123932023
robot2,1274189000000,1775929472128381357
robot4,1274192000000,1775929472131731011
robot3,1274385000000,1775929472346994242
robot1,1274386000000,1775929472347903057
robot2,1274386000000,1775929472348856752
robot4,1274388000000,1775929472349992452
robot3,1274584000000,1775929472567533639
robot1,1274587000000,1775929472570360838
robot2,1274588000000,1775929472571619140
robot4,1274589000000,1775929472572648245
robot3,1274783000000,1775929472795655508
robot1,1274783000000,1775929472796082418
robot2,1274784000000,1775929472797046297
robot4,1274785000000,1775929472798369096
robot1,1274988000000,1775929473025191429
robot2,1274989000000,1775929473025437451
robot3,1274985000000,1775929473025577865
robot4,1274990000000,1775929473026018259
robot3,1275184000000,1775929473243973814
robot1,1275185000000,1775929473245029618
robot2,1275185000000,1775929473245788985
robot4,1275186000000,1775929473246904514
robot3,1275384000000,1775929473490905779
robot1,1275385000000,1775929473491668101
robot2,1275386000000,1775929473493078034
robot4,1275387000000,1775929473494480216
robot3,1275584000000,1775929473717712166
robot1,1275585000000,1775929473718680049
robot2,1275586000000,1775929473719777469
robot4,1275587000000,1775929473720783486
robot3,1275784000000,1775929473944877584
robot1,1275785000000,1775929473945691730
robot2,1275786000000,1775929473946100902
robot4,1275787000000,1775929473947031579
robot3,1275984000000,1775929474168286361
robot1,1275985000000,1775929474169430634
robot2,1275986000000,1775929474170764798
robot4,1275987000000,1775929474172214587
robot3,1276184000000,1775929474397560878
robot1,1276185000000,1775929474398298743
robot2,1276186000000,1775929474399795123
robot4,1276186000000,1775929474401177281
