attestation_id,role,result,t_start,t_evaluation_ready_received,t_result_sent
2b7cb4c1d5ab781ef5e393ab3e456dc0c664c63698aa62570eeff23766516773,verifier,SUCCESS,1751887194.551,1751887198.584,1751887198.63
7caf4dd92bce1783b303abe5ac21da7d554c6c66c0f877309f6ce8e933acb07c,verifier,SUCCESS,1751887233.895,1751887238.933,1751887238.975
8e21e59e7c281e00d0da78a06177465389a9fddeb446e9df9bacf35444e01f55,verifier,SUCCESS,1751887268.228,1751887273.267,1751887273.313
745e9da32474f97287b4868c64ce00a6adbdd576f3901853538fe17bf522a1d9,verifier,SUCCESS,1751893047.545,1751893059.634,1751893059.677
5bc076b9d5db2b3be46aac9de30b18c999d602a39bf4895e6e2a117e2f663ab9,verifier,SUCCESS,1751893084.909,1751893089.947,1751893089.994
f0756405895e4de87287c077ce102838aa5b0542be8b22471fc223037250af61,verifier,SUCCESS,1751910410.379,1751910422.501,1751910422.553
f719bd28ac5c9927a0527bdaed36a8cff3e253f144cc597073120ccfbf02dc8f,verifier,SUCCESS,1751911046.815,1751911062.999,1751911063.06
3cdbd401a6c3899e951549446405b993d2eb59ea99d18234243543c1d18d908c,verifier,SUCCESS,1751911091.647,1751911112.946,1751911113.011
836ca0f4b9aa93c7e7c1378047eaf1863342ca7e320bbcde679d535f66ebf117,verifier,SUCCESS,1751911131.374,1751911147.553,1751911147.614
9618612217e3680cfecb5800f5428be0c4e1e29ec7d4ab7ded669a41d1d43a8e,verifier,SUCCESS,1751911181.315,1751911197.486,1751911197.558
733831a60fefad4992f5adde20504556fd9e20a029af765c3d87445a0627d9d9,verifier,SUCCESS,1751911804.709,1751911820.978,1751911821.042
7a0298953f008c8391f8023015e7c896d77ebc9b4118ba6e760fc57e2b8fa374,verifier,SUCCESS,1751911804.714,1751911830.085,1751911830.152
9c0e94251f9cbff8c49188375fd4c49585f832d8cf3b1884772064cf4d0bac4d,verifier,SUCCESS,1751911889.347,1751911900.543,1751911900.62
612304c5e4cdde41515754012f295d9f4ce078180347af6a25d04cd360f225ff,verifier,SUCCESS,1751911889.338,1751911910.657,1751911910.717
0fb9ef0fd50b7cbadae754ea13ce015e109f657430d9228453f9f89276ccefd3,verifier,SUCCESS,1751958454.037,1751958464.183,1751958464.259
b4604dcc46c6bb48c87ddef2c4627d794e8b4df2265312989675454acf4a2212,verifier,SUCCESS,1751958454.03,1751958474.279,1751958474.333
f05faf40c655669308fa416253c2173cf638c9bbc3a57c593857363c47d477e7,verifier,SUCCESS,1751958538.7,1751958549.898,1751958549.988
73be2a92983f2ad7a9acde2db1defaa362330ec2aed4b2b20d53f7549c1cb3ba,verifier,SUCCESS,1751958538.697,1751958560.019,1751958560.079
e641ee4222053f1a2f92c6ec3b7f005e9b4b9eda73fa16b65191bfa34f0e38ee,verifier,SUCCESS,1751958623.307,1751958629.379,1751958629.45
2bc22157350c248382c6aa52df88028bb77c7931da10724700f2374979f07a89,verifier,SUCCESS,1751958628.425,1751958639.582,1751958639.644
081921f4575ef2d97661c38d7a0f5ef71b2ae4ca57d0ba4a06a3d71d41a6ecb6,verifier,SUCCESS,1751958703.802,1751958714.974,1751958715.038
6f0fc4e915046c74009b917d1556379fab458e5567e7c36596bc7cc4d2caa26c,verifier,SUCCESS,1751958714.04,1751958724.153,1751958724.21
d31b61ddd51386ee1259bc516dc5f18e68e8d13f2351be5d4fab510b515df4c8,verifier,SUCCESS,1751958788.442,1751958794.513,1751958794.588
86a8bf485ffb097f0616c64b8096d452abee16aacbf95c151f22ef926710318d,verifier,SUCCESS,1751958798.666,1751958804.732,1751958804.822
a825d69ebad83810c0d2aac0403aa85aa2cae65ade568c5eb0004c0e16554900,verifier,SUCCESS,1751958878.192,1751958884.27,1751958884.344
d209d3711526e905fc55dc64323530dc751a8c9d07e7b7bf00bdb973b82d7733,verifier,SUCCESS,1751958883.315,1751958894.469,1751958894.537
e81ae1b250b462c5beb004296e7175a655a0e6c9f3f8984d112c88e28baa4aef,verifier,SUCCESS,1751959330.232,1751959341.438,1751959341.519
4dc8cdb22cf0042e185cd443df82b1c1a467c759798f3cb27e20c3856c371461,verifier,SUCCESS,1751959330.223,1751959351.55,1751959351.61
ca1c6ca0226f2563ca834348ed3a33e6977ededea0d5772f33710c749e75e0c6,verifier,SUCCESS,1751959371.058,1751959381.27,1751959381.332
66aa9b951ace00fcfe9d3b9dd9e293b8a911a22c0f6050e4acc04964b899d70a,verifier,SUCCESS,1751959371.074,1751959391.398,1751959391.467
75e6ec106d2993216347d8b3db83457d7bb800721396a01df68559fcf1292f92,verifier,SUCCESS,1751959455.677,1751959466.87,1751959466.956
4906667acc444f735dd6b78ac740cebe3e2e21c895dc836b080c99ea9ca45a3a,verifier,SUCCESS,1751959455.684,1751959476.987,1751959477.048
d81e5e78be3ba42eea6e6052c03b9f4377ee785774c76c12dd27f83de11b6691,verifier,SUCCESS,1751959500.59,1751959506.699,1751959506.759
0161486bba9ae125ce561e5db4e43c23749c3f226e4ed3ac219f59783156ec36,verifier,SUCCESS,1751959500.595,1751959516.816,1751959516.888
b0ececd62004370e25a2b2b284802aaa3b46f49712405d93b53a7dc06aa9bbd0,verifier,SUCCESS,1751959540.342,1751959551.519,1751959551.613
828964c97bf436b672ed04abf4ee84ccc56f1efac20a67fffe492dc8426a1c63,verifier,SUCCESS,1751959540.352,1751959561.631,1751959561.695
15021b5cbe8237e4eaf731ea41728573ffb2360e2075f7c8997726e797bccf4c,verifier,SUCCESS,1751959626.0,1751959631.059,1751959631.131
d20d5e8a19634ba726f665e9322ba645985984578d15abcfd590f3d001a2311d,verifier,SUCCESS,1751959635.2,1751959641.279,1751959641.349
