container,t_rel_s,cpu_percent,mem_mb,blk_read_mb,blk_write_mb,net_rx_mb,net_tx_mb
robot1-sidecar,0,5.02,60.09,0.0,1.148,0.016,0.019
robot1-sidecar,1,9.77,60.12,0.0,1.156,0.017,0.022
robot1-sidecar,2,7.9,60.12,0.0,1.156,0.019,0.025
robot1-sidecar,3,9.27,60.15,0.0,1.164,0.021,0.028
robot1-sidecar,4,7.65,60.12,0.0,1.164,0.022,0.03
robot1-sidecar,5,8.52,60.27,0.0,1.172,0.024,0.033
robot1-sidecar,6,8.35,60.14,0.0,1.172,0.026,0.035
robot1-sidecar,7,9.52,60.16,0.0,1.18,0.028,0.038
robot1-sidecar,8,8.99,60.2,0.0,1.18,0.029,0.04
robot1-sidecar,9,9.83,60.33,0.0,1.188,0.031,0.043
robot1-sidecar,10,8.16,60.3,0.0,1.188,0.033,0.046
robot1-sidecar,11,10.23,60.2,0.0,1.195,0.035,0.049
robot1-sidecar,12,8.77,60.35,0.0,1.195,0.037,0.051
robot1-sidecar,13,9.29,60.28,0.0,1.203,0.038,0.054
robot1-sidecar,14,13.79,60.57,0.0,1.203,0.045,0.064
robot1-sidecar,15,12.94,60.44,0.0,1.211,0.053,0.075
robot1-sidecar,16,12.42,60.55,0.0,1.211,0.06,0.085
robot1-sidecar,17,15.77,60.55,0.0,1.219,0.068,0.098
robot1-sidecar,18,12.2,60.68,0.0,1.219,0.074,0.106
robot1-sidecar,19,15.35,60.59,0.0,1.227,0.083,0.119
robot1-sidecar,20,10.92,60.7,0.0,1.227,0.089,0.129
robot1-sidecar,21,14.17,60.57,0.0,1.234,0.098,0.142
robot1-sidecar,22,11.2,60.68,0.0,1.234,0.104,0.151
robot1-sidecar,23,14.33,60.55,0.0,1.25,0.113,0.164
robot1-sidecar,24,9.62,60.7,0.0,1.25,0.115,0.166
robot1-sidecar,25,9.49,60.68,0.0,1.258,0.117,0.169
robot1-sidecar,26,8.8,61.11,0.0,1.258,0.118,0.172
robot1-sidecar,27,9.92,60.59,0.0,1.266,0.12,0.175
robot1-sidecar,28,7.9,60.57,0.0,1.266,0.122,0.177
robot1-sidecar,29,8.72,60.72,0.0,1.273,0.124,0.18
robot1-sidecar,30,12.62,61.03,0.0,1.273,0.132,0.192
robot1-sidecar,31,12.74,60.64,0.0,1.281,0.14,0.203
robot1-sidecar,32,12.69,60.66,0.0,1.281,0.146,0.213
robot1-sidecar,33,23.55,60.84,0.0,1.297,0.165,0.239
robot1-sidecar,34,12.16,60.94,0.0,1.297,0.172,0.249
robot1-sidecar,35,12.12,60.89,0.0,1.312,0.178,0.258
robot1-sidecar,36,9.44,60.92,0.0,1.312,0.179,0.26
robot1-sidecar,37,10.39,60.79,0.0,1.32,0.181,0.263
robot1-sidecar,38,9.93,60.92,0.0,1.32,0.184,0.265
robot1-sidecar,39,8.78,60.95,0.0,1.328,0.186,0.268
robot1-sidecar,40,8.27,60.8,0.0,1.328,0.188,0.27
robot1-sidecar,41,8.79,60.78,0.0,1.336,0.191,0.273
robot1-sidecar,42,8.99,60.8,0.0,1.336,0.193,0.276
robot1-sidecar,43,9.04,60.79,0.0,1.344,0.195,0.279
robot1-sidecar,44,8.38,60.81,0.0,1.344,0.197,0.281
robot1-sidecar,45,12.08,60.85,0.0,1.352,0.203,0.29
robot1-sidecar,47,10.39,60.96,0.0,1.352,0.208,0.297
robot1-sidecar,48,15.98,60.86,0.0,1.359,0.216,0.309
robot1-sidecar,49,11.75,60.88,0.0,1.359,0.222,0.319
robot1-sidecar,50,24.07,61.02,0.0,1.375,0.241,0.345
robot1-sidecar,51,11.79,61.03,0.0,1.375,0.248,0.355
robot1-sidecar,52,12.11,60.84,0.0,1.391,0.252,0.361
robot1-sidecar,53,9.88,60.87,0.0,1.391,0.254,0.364
robot1-sidecar,54,9.07,61.0,0.0,1.398,0.256,0.367
robot1-sidecar,55,9.01,60.85,0.0,1.398,0.257,0.369
robot1-sidecar,56,8.91,60.88,0.0,1.406,0.259,0.372
robot1-sidecar,57,9.12,60.87,0.0,1.406,0.261,0.375
robot1-sidecar,58,9.64,60.86,0.0,1.414,0.263,0.378
robot1-sidecar,59,8.14,61.04,0.0,1.414,0.265,0.38
robot1-sidecar,60,9.1,60.98,0.0,1.422,0.266,0.383
robot1-sidecar,61,10.21,61.02,0.0,1.422,0.268,0.385
robot1-sidecar,62,13.25,61.05,0.0,1.43,0.275,0.395
robot1-sidecar,63,12.36,60.93,0.0,1.43,0.28,0.403
robot1-sidecar,64,14.21,61.09,0.0,1.438,0.289,0.416
robot1-sidecar,65,15.26,60.97,0.0,1.438,0.295,0.426
robot1-sidecar,66,24.79,61.06,0.0,1.453,0.314,0.451
robot1-sidecar,67,12.88,61.08,0.0,1.453,0.32,0.461
robot1-sidecar,68,11.98,61.16,0.0,1.469,0.324,0.467
robot1-sidecar,69,8.7,60.91,0.0,1.469,0.326,0.469
robot1-sidecar,70,8.83,60.96,0.0,1.477,0.328,0.472
robot1-sidecar,71,8.29,60.92,0.0,1.484,0.329,0.475
robot1-sidecar,72,9.3,61.04,0.0,1.484,0.331,0.478
robot1-sidecar,73,9.14,60.92,0.0,1.484,0.333,0.48
robot1-sidecar,74,8.46,60.93,0.0,1.492,0.335,0.483
robot1-sidecar,75,8.98,60.95,0.0,1.492,0.336,0.485
robot1-sidecar,76,8.57,61.03,0.0,1.5,0.338,0.488
robot1-sidecar,77,8.32,61.06,0.0,1.5,0.34,0.491
robot1-sidecar,78,12.0,60.97,0.0,1.508,0.348,0.502
robot1-sidecar,79,13.59,60.97,0.0,1.508,0.356,0.514
robot1-sidecar,80,12.97,60.96,0.0,1.516,0.364,0.526
robot1-sidecar,81,14.27,61.1,0.0,1.523,0.375,0.542
robot1-sidecar,82,19.1,60.99,0.0,1.531,0.388,0.56
robot1-sidecar,83,13.44,60.95,0.0,1.547,0.396,0.572
robot1-sidecar,84,9.11,61.14,0.0,1.547,0.398,0.575
robot1-sidecar,85,9.05,60.96,0.0,1.555,0.4,0.578
robot1-sidecar,86,8.39,61.09,0.0,1.555,0.402,0.58
robot1-sidecar,87,8.73,60.96,0.0,1.562,0.403,0.583
robot1-sidecar,88,8.77,61.09,0.0,1.562,0.405,0.585
robot1-sidecar,89,9.61,60.95,0.0,1.57,0.407,0.588
robot1-sidecar,90,9.21,61.22,0.0,1.57,0.409,0.591
robot1-sidecar,91,8.96,60.95,0.0,1.578,0.411,0.594
robot1-sidecar,92,9.33,61.23,0.0,1.578,0.412,0.596
robot1-sidecar,93,13.26,61.02,0.0,1.586,0.418,0.604
robot1-sidecar,94,9.76,61.12,0.0,1.586,0.423,0.612
robot1-sidecar,95,12.61,60.99,0.0,1.594,0.433,0.626
robot1-sidecar,96,12.85,61.26,0.0,1.594,0.44,0.636
robot1-sidecar,97,19.84,61.0,0.0,1.617,0.453,0.656
robot1-sidecar,98,16.41,61.02,0.0,1.617,0.464,0.669
robot1-sidecar,99,12.81,60.98,0.0,1.641,0.471,0.679
robot1-sidecar,100,8.01,61.24,0.0,1.641,0.473,0.682
robot1-sidecar,101,9.75,61.05,0.0,1.648,0.476,0.685
robot1-sidecar,102,8.49,61.12,0.0,1.648,0.478,0.687
robot1-sidecar,103,8.53,61.11,0.0,1.656,0.481,0.69
robot1-sidecar,104,8.77,61.0,0.0,1.656,0.482,0.692
robot1-sidecar,105,8.6,61.15,0.0,1.664,0.484,0.695
robot1-sidecar,106,8.28,61.14,0.0,1.664,0.486,0.698
robot1-sidecar,107,8.49,61.24,0.0,1.672,0.488,0.701
robot1-sidecar,108,10.64,61.02,0.0,1.672,0.489,0.703
robot1-sidecar,109,16.25,61.07,0.0,1.68,0.5,0.717
robot1-sidecar,110,13.66,61.09,0.0,1.68,0.506,0.727
robot1-sidecar,111,16.91,61.18,0.0,1.688,0.519,0.746
robot1-sidecar,112,10.99,61.05,0.0,1.688,0.525,0.754
robot1-sidecar,113,17.38,61.14,0.0,1.727,0.539,0.773
robot1-sidecar,114,8.66,61.04,0.0,1.727,0.54,0.775
robot1-sidecar,115,9.31,61.1,0.0,1.734,0.542,0.778
robot1-sidecar,116,9.5,61.08,0.0,1.734,0.544,0.78
robot1-sidecar,117,8.55,61.03,0.0,1.742,0.546,0.783
robot1-sidecar,118,8.79,61.25,0.0,1.742,0.547,0.786
robot1-sidecar,119,8.88,61.22,0.0,1.75,0.549,0.789
robot1-sidecar,120,9.27,61.19,0.0,1.75,0.551,0.791
robot1-sidecar,121,10.37,61.01,0.0,1.758,0.553,0.794
robot1-sidecar,122,7.69,61.46,0.0,1.758,0.555,0.797
robot1-sidecar,123,9.43,61.03,0.0,1.766,0.556,0.799
robot1-sidecar,124,10.18,61.14,0.0,1.766,0.558,0.801
robot1-sidecar,125,18.58,61.08,0.0,1.773,0.57,0.818
robot1-sidecar,126,12.25,61.2,0.0,1.773,0.576,0.828
robot1-sidecar,127,22.69,61.19,0.0,1.797,0.593,0.851
robot1-sidecar,128,13.1,61.1,0.0,1.797,0.6,0.861
robot1-sidecar,129,15.36,61.28,0.0,1.82,0.608,0.872
robot1-sidecar,130,8.84,61.18,0.0,1.82,0.609,0.875
robot1-sidecar,131,9.21,61.07,0.0,1.828,0.611,0.878
robot1-sidecar,132,9.03,61.25,0.0,1.828,0.613,0.88
robot1-sidecar,133,8.68,61.07,0.0,1.836,0.615,0.883
robot1-sidecar,134,9.44,61.18,0.0,1.836,0.617,0.885
robot1-sidecar,135,10.6,61.06,0.0,1.844,0.618,0.888
robot1-sidecar,137,10.22,61.17,0.0,1.844,0.62,0.891
robot1-sidecar,138,9.76,61.04,0.0,1.852,0.622,0.894
robot1-sidecar,139,10.59,61.19,0.0,1.852,0.624,0.896
robot1-sidecar,140,9.64,61.17,0.0,1.859,0.626,0.899
robot1-sidecar,141,10.29,61.11,0.0,1.859,0.628,0.904
robot1-sidecar,142,17.15,61.25,0.0,1.867,0.639,0.918
robot1-sidecar,143,12.65,61.22,0.0,1.867,0.646,0.928
robot1-sidecar,144,24.0,61.1,0.0,1.891,0.665,0.955
robot1-sidecar,145,11.29,61.11,0.0,1.891,0.671,0.963
robot1-sidecar,146,13.65,61.07,0.0,1.914,0.677,0.972
robot1-sidecar,147,8.46,61.15,0.0,1.914,0.678,0.974
robot1-sidecar,148,9.27,61.08,0.0,1.922,0.68,0.977
robot1-sidecar,149,8.84,61.2,0.0,1.922,0.682,0.98
robot1-sidecar,150,9.69,61.09,0.0,1.93,0.684,0.983
robot1-sidecar,151,9.31,61.07,0.0,1.93,0.685,0.985
robot1-sidecar,152,9.4,61.13,0.0,1.938,0.687,0.988
robot1-sidecar,153,9.53,61.06,0.0,1.938,0.689,0.991
robot1-sidecar,154,10.6,61.21,0.0,1.945,0.691,0.994
robot1-sidecar,155,9.71,61.07,0.0,1.945,0.692,0.996
robot1-sidecar,156,9.62,61.26,0.0,1.953,0.694,0.999
robot1-sidecar,157,12.77,61.24,0.0,1.953,0.701,1.007
robot1-sidecar,158,14.61,61.12,0.0,1.961,0.71,1.02
robot1-sidecar,159,12.84,61.34,0.0,1.961,0.717,1.03
robot1-sidecar,160,33.77,61.13,0.0,2.008,0.741,1.06
robot1-sidecar,161,11.43,61.38,0.0,2.016,0.747,1.068
robot1-sidecar,162,12.8,61.1,0.0,2.039,0.752,1.076
robot1-sidecar,163,8.54,61.09,0.0,2.047,0.755,1.078
robot1-sidecar,164,10.13,61.09,0.0,2.047,0.757,1.081
robot1-sidecar,165,8.6,61.1,0.0,2.047,0.758,1.083
robot1-sidecar,166,8.9,61.21,0.0,2.055,0.76,1.086
robot1-sidecar,167,9.26,61.08,0.0,2.055,0.762,1.089
robot1-sidecar,168,8.7,61.2,0.0,2.062,0.764,1.092
robot1-sidecar,169,8.43,61.07,0.0,2.062,0.765,1.094
robot1-sidecar,170,9.47,61.07,0.0,2.07,0.767,1.097
robot1-sidecar,171,10.75,61.32,0.0,2.078,0.769,1.1
robot1-sidecar,172,9.61,61.11,0.0,2.078,0.771,1.103
robot1-sidecar,173,15.03,61.14,0.0,2.086,0.781,1.116
robot1-sidecar,174,12.18,61.25,0.0,2.086,0.786,1.124
robot1-sidecar,175,16.17,61.13,0.0,2.086,0.797,1.139
robot1-sidecar,176,21.72,61.18,0.0,2.117,0.811,1.159
robot1-sidecar,177,14.53,61.21,0.0,2.148,0.819,1.171
robot1-sidecar,178,8.9,61.08,0.0,2.148,0.821,1.173
robot1-sidecar,179,7.03,61.01,0.0,2.156,0.823,1.176
robot1-sidecar,180,5.77,61.22,0.0,2.156,0.825,1.179
robot1-sidecar,181,5.15,61.02,0.0,2.164,0.826,1.182
robot1-sidecar,182,5.36,61.15,0.0,2.188,0.828,1.185
robot1-sidecar,183,5.24,61.15,0.0,2.195,0.83,1.188
robot2-sidecar,0,4.94,60.24,0.0,1.148,0.015,0.018
robot2-sidecar,1,9.38,60.14,0.0,1.156,0.017,0.021
robot2-sidecar,2,8.95,60.17,0.0,1.156,0.018,0.024
robot2-sidecar,3,9.9,60.29,0.0,1.164,0.02,0.027
robot2-sidecar,4,8.46,60.18,0.0,1.164,0.022,0.028
robot2-sidecar,5,8.74,60.18,0.0,1.172,0.023,0.031
robot2-sidecar,6,8.76,60.2,0.0,1.172,0.025,0.034
robot2-sidecar,7,9.49,60.22,0.0,1.18,0.027,0.037
robot2-sidecar,8,9.24,60.37,0.0,1.18,0.029,0.039
robot2-sidecar,9,9.56,60.24,0.0,1.188,0.031,0.042
robot2-sidecar,10,8.5,60.25,0.0,1.188,0.032,0.045
robot2-sidecar,11,10.24,60.36,0.0,1.195,0.034,0.048
robot2-sidecar,12,8.86,60.38,0.0,1.195,0.036,0.05
robot2-sidecar,13,8.62,60.41,0.0,1.203,0.038,0.053
robot2-sidecar,14,13.83,60.74,0.0,1.203,0.044,0.062
robot2-sidecar,15,13.3,60.49,0.0,1.211,0.052,0.073
robot2-sidecar,16,13.4,60.48,0.0,1.211,0.058,0.083
robot2-sidecar,17,15.7,60.71,0.0,1.219,0.067,0.096
robot2-sidecar,18,11.32,60.63,0.0,1.219,0.073,0.104
robot2-sidecar,19,15.22,60.77,0.0,1.227,0.082,0.118
robot2-sidecar,20,11.37,60.64,0.0,1.227,0.088,0.127
robot2-sidecar,21,15.1,60.58,0.0,1.242,0.097,0.141
robot2-sidecar,22,9.57,60.7,0.0,1.242,0.099,0.143
robot2-sidecar,23,9.98,60.59,0.0,1.25,0.103,0.148
robot2-sidecar,24,8.55,60.59,0.0,1.25,0.105,0.151
robot2-sidecar,25,9.41,60.59,0.0,1.258,0.107,0.154
robot2-sidecar,26,8.19,60.73,0.0,1.258,0.108,0.156
robot2-sidecar,27,9.48,60.63,0.0,1.266,0.11,0.159
robot2-sidecar,28,8.01,60.61,0.0,1.266,0.112,0.161
robot2-sidecar,29,8.34,60.69,0.0,1.273,0.114,0.164
robot2-sidecar,30,12.2,60.67,0.0,1.273,0.121,0.175
robot2-sidecar,31,14.4,60.68,0.0,1.281,0.13,0.188
robot2-sidecar,32,11.27,60.69,0.0,1.281,0.137,0.198
robot2-sidecar,33,18.04,60.82,0.0,1.289,0.151,0.218
robot2-sidecar,34,12.07,60.7,0.0,1.289,0.157,0.228
robot2-sidecar,35,13.07,60.82,0.0,1.305,0.163,0.236
robot2-sidecar,36,8.6,60.92,0.0,1.305,0.165,0.239
robot2-sidecar,37,10.72,60.8,0.0,1.312,0.167,0.242
robot2-sidecar,38,9.86,60.69,0.0,1.312,0.169,0.244
robot2-sidecar,39,9.02,60.8,0.0,1.32,0.172,0.247
robot2-sidecar,40,7.92,60.75,0.0,1.32,0.174,0.25
robot2-sidecar,41,9.16,60.68,0.0,1.328,0.177,0.253
robot2-sidecar,42,8.74,60.7,0.0,1.328,0.179,0.255
robot2-sidecar,43,8.75,60.82,0.0,1.336,0.181,0.258
robot2-sidecar,44,8.38,60.8,0.0,1.336,0.182,0.26
robot2-sidecar,45,12.01,60.91,0.0,1.352,0.188,0.268
robot2-sidecar,47,11.02,60.88,0.0,1.352,0.193,0.276
robot2-sidecar,48,14.28,60.88,0.0,1.359,0.202,0.288
robot2-sidecar,49,13.19,60.77,0.0,1.359,0.208,0.298
robot2-sidecar,50,22.78,61.04,0.0,1.375,0.227,0.324
robot2-sidecar,51,11.82,60.9,0.0,1.375,0.233,0.334
robot2-sidecar,52,12.68,61.01,0.0,1.391,0.239,0.343
robot2-sidecar,53,8.63,61.12,0.0,1.391,0.241,0.345
robot2-sidecar,54,9.65,61.09,0.0,1.398,0.243,0.348
robot2-sidecar,55,9.39,60.94,0.0,1.398,0.244,0.35
robot2-sidecar,56,10.19,60.99,0.0,1.406,0.246,0.353
robot2-sidecar,57,9.49,60.89,0.0,1.406,0.247,0.355
robot2-sidecar,58,9.02,60.9,0.0,1.414,0.249,0.358
robot2-sidecar,59,8.8,61.02,0.0,1.414,0.251,0.361
robot2-sidecar,60,10.07,61.01,0.0,1.422,0.253,0.364
robot2-sidecar,61,9.93,60.89,0.0,1.422,0.255,0.366
robot2-sidecar,62,14.04,61.07,0.0,1.438,0.261,0.375
robot2-sidecar,63,11.37,61.06,0.0,1.438,0.266,0.383
robot2-sidecar,64,14.48,61.01,0.0,1.445,0.275,0.396
robot2-sidecar,65,13.84,60.96,0.0,1.445,0.282,0.406
robot2-sidecar,66,27.65,61.13,0.0,1.469,0.305,0.437
robot2-sidecar,67,13.67,61.0,0.0,1.469,0.312,0.447
robot2-sidecar,68,13.05,60.96,0.0,1.484,0.317,0.454
robot2-sidecar,69,8.06,61.2,0.0,1.484,0.318,0.456
robot2-sidecar,70,8.51,60.94,0.0,1.492,0.32,0.459
robot2-sidecar,71,8.83,60.95,0.0,1.492,0.322,0.462
robot2-sidecar,72,9.95,60.96,0.0,1.5,0.324,0.465
robot2-sidecar,73,8.81,61.06,0.0,1.5,0.325,0.467
robot2-sidecar,74,8.02,61.19,0.0,1.508,0.327,0.47
robot2-sidecar,75,7.67,60.98,0.0,1.508,0.329,0.472
robot2-sidecar,76,9.04,61.18,0.0,1.516,0.331,0.476
robot2-sidecar,77,8.59,60.96,0.0,1.523,0.333,0.478
robot2-sidecar,78,13.98,61.12,0.0,1.531,0.341,0.49
robot2-sidecar,79,13.24,61.14,0.0,1.539,0.348,0.5
robot2-sidecar,80,14.09,61.01,0.0,1.539,0.357,0.513
robot2-sidecar,81,12.33,61.02,0.0,1.539,0.363,0.523
robot2-sidecar,82,23.1,61.14,0.0,1.555,0.379,0.545
robot2-sidecar,83,13.09,61.22,0.0,1.57,0.387,0.556
robot2-sidecar,84,7.97,61.1,0.0,1.57,0.389,0.559
robot2-sidecar,85,8.45,61.06,0.0,1.578,0.39,0.562
robot2-sidecar,86,8.29,61.36,0.0,1.578,0.392,0.565
robot2-sidecar,87,8.72,60.99,0.0,1.586,0.394,0.567
robot2-sidecar,88,8.58,60.99,0.0,1.586,0.396,0.57
robot2-sidecar,89,8.29,61.22,0.0,1.594,0.398,0.573
robot2-sidecar,90,9.98,61.14,0.0,1.594,0.399,0.576
robot2-sidecar,91,9.22,61.01,0.0,1.602,0.401,0.579
robot2-sidecar,92,9.61,61.01,0.0,1.602,0.403,0.581
robot2-sidecar,93,11.51,61.04,0.0,1.617,0.409,0.589
robot2-sidecar,94,11.56,61.07,0.0,1.617,0.414,0.596
robot2-sidecar,95,17.95,61.11,0.0,1.641,0.429,0.617
robot2-sidecar,96,12.11,61.06,0.0,1.641,0.435,0.626
robot2-sidecar,97,19.11,61.19,0.0,1.648,0.448,0.645
robot2-sidecar,98,11.34,61.07,0.0,1.648,0.454,0.653
robot2-sidecar,99,13.39,61.07,0.0,1.672,0.463,0.665
robot2-sidecar,100,8.15,61.18,0.0,1.672,0.465,0.667
robot2-sidecar,101,9.77,61.03,0.0,1.68,0.468,0.67
robot2-sidecar,102,8.32,61.15,0.0,1.68,0.47,0.673
robot2-sidecar,103,9.03,61.03,0.0,1.688,0.472,0.676
robot2-sidecar,104,8.3,61.03,0.0,1.688,0.474,0.678
robot2-sidecar,105,8.6,61.19,0.0,1.695,0.476,0.681
robot2-sidecar,106,8.4,61.05,0.0,1.695,0.478,0.684
robot2-sidecar,107,8.65,61.29,0.0,1.703,0.479,0.687
robot2-sidecar,108,9.55,61.05,0.0,1.703,0.481,0.689
robot2-sidecar,109,15.06,61.21,0.0,1.719,0.492,0.703
robot2-sidecar,110,11.0,61.08,0.0,1.719,0.498,0.713
robot2-sidecar,111,22.02,61.11,0.0,1.742,0.516,0.737
robot2-sidecar,112,15.41,61.11,0.0,1.758,0.526,0.751
robot2-sidecar,113,14.41,61.08,0.0,1.781,0.535,0.764
robot2-sidecar,114,8.43,61.08,0.0,1.781,0.537,0.766
robot2-sidecar,115,9.19,61.18,0.0,1.789,0.539,0.769
robot2-sidecar,116,8.96,61.07,0.0,1.789,0.54,0.772
robot2-sidecar,118,4.96,61.06,0.0,1.797,0.544,0.777
robot2-sidecar,119,9.72,61.07,0.0,1.805,0.546,0.78
robot2-sidecar,120,7.82,61.06,0.0,1.805,0.547,0.782
robot2-sidecar,121,8.69,61.09,0.0,1.812,0.549,0.785
robot2-sidecar,122,8.39,61.05,0.0,1.812,0.551,0.788
robot2-sidecar,123,9.18,61.07,0.0,1.82,0.553,0.791
robot2-sidecar,124,9.56,61.06,0.0,1.82,0.555,0.793
robot2-sidecar,125,16.37,61.13,0.0,1.836,0.566,0.809
robot2-sidecar,126,12.14,61.27,0.0,1.836,0.573,0.819
robot2-sidecar,127,18.81,61.11,0.0,1.844,0.584,0.836
robot2-sidecar,128,13.6,61.22,0.0,1.844,0.591,0.845
robot2-sidecar,129,16.37,61.09,0.0,1.867,0.599,0.857
robot2-sidecar,130,8.97,61.22,0.0,1.867,0.601,0.859
robot2-sidecar,131,9.3,61.13,0.0,1.875,0.602,0.862
robot2-sidecar,132,8.22,61.1,0.0,1.875,0.604,0.864
robot2-sidecar,133,10.2,61.09,0.0,1.883,0.606,0.868
robot2-sidecar,134,9.8,61.07,0.0,1.883,0.608,0.87
robot2-sidecar,135,9.67,61.1,0.0,1.891,0.61,0.873
robot2-sidecar,137,10.96,61.09,0.0,1.891,0.611,0.875
robot2-sidecar,138,10.27,61.09,0.0,1.898,0.613,0.878
robot2-sidecar,139,9.11,61.07,0.0,1.898,0.615,0.881
robot2-sidecar,140,9.98,61.34,0.0,1.906,0.617,0.884
robot2-sidecar,141,9.2,61.1,0.0,1.906,0.618,0.886
robot2-sidecar,142,17.26,61.14,0.0,1.922,0.63,0.902
robot2-sidecar,143,11.68,61.12,0.0,1.922,0.637,0.912
robot2-sidecar,144,22.97,61.12,0.0,1.945,0.656,0.939
robot2-sidecar,145,12.54,61.38,0.0,1.945,0.663,0.949
robot2-sidecar,146,14.98,61.35,0.0,1.969,0.668,0.956
robot2-sidecar,147,9.02,61.12,0.0,1.969,0.669,0.959
robot2-sidecar,148,11.14,61.22,0.0,1.977,0.671,0.962
robot2-sidecar,149,8.27,61.09,0.0,1.977,0.673,0.964
robot2-sidecar,150,9.78,61.1,0.0,1.984,0.675,0.967
robot2-sidecar,151,9.24,61.15,0.0,1.984,0.677,0.969
robot2-sidecar,152,8.38,61.46,0.0,1.992,0.678,0.972
robot2-sidecar,153,8.78,61.22,0.0,1.992,0.68,0.975
robot2-sidecar,154,8.98,61.08,0.0,2.0,0.682,0.978
robot2-sidecar,155,10.3,61.11,0.0,2.0,0.684,0.98
robot2-sidecar,156,8.64,61.1,0.0,2.008,0.686,0.983
robot2-sidecar,157,11.66,61.13,0.0,2.016,0.692,0.991
robot2-sidecar,158,14.54,61.36,0.0,2.023,0.701,1.004
robot2-sidecar,159,13.03,61.15,0.0,2.023,0.708,1.014
robot2-sidecar,160,21.18,61.13,0.0,2.031,0.724,1.035
robot2-sidecar,161,10.62,61.12,0.0,2.031,0.73,1.044
robot2-sidecar,162,14.49,61.19,0.0,2.055,0.735,1.051
robot2-sidecar,163,8.72,61.23,0.0,2.055,0.738,1.053
robot2-sidecar,164,8.67,61.22,0.0,2.062,0.74,1.056
robot2-sidecar,165,10.02,61.23,0.0,2.062,0.741,1.059
robot2-sidecar,166,9.3,61.24,0.0,2.07,0.743,1.062
robot2-sidecar,167,9.89,61.12,0.0,2.078,0.745,1.065
robot2-sidecar,168,8.4,61.09,0.0,2.078,0.747,1.067
robot2-sidecar,169,8.62,61.24,0.0,2.086,0.749,1.07
robot2-sidecar,170,9.3,61.12,0.0,2.086,0.75,1.072
robot2-sidecar,171,10.11,61.09,0.0,2.094,0.752,1.075
robot2-sidecar,172,9.83,61.13,0.0,2.094,0.754,1.078
robot2-sidecar,173,18.73,61.14,0.0,2.109,0.76,1.087
robot2-sidecar,174,16.35,61.16,0.0,2.109,0.77,1.1
robot2-sidecar,175,13.07,61.26,0.0,2.109,0.776,1.11
robot2-sidecar,176,25.33,61.16,0.0,2.141,0.795,1.135
robot2-sidecar,177,14.92,61.1,0.0,2.172,0.802,1.147
robot2-sidecar,178,8.74,61.12,0.0,2.172,0.804,1.15
robot2-sidecar,179,6.91,61.04,0.0,2.18,0.806,1.153
robot2-sidecar,180,4.74,61.05,0.0,2.18,0.808,1.155
robot2-sidecar,181,5.45,61.04,0.0,2.188,0.81,1.158
robot2-sidecar,182,5.23,61.05,0.0,2.211,0.812,1.161
robot2-sidecar,183,5.8,61.05,0.0,2.219,0.814,1.164
robot2-sidecar,184,4.24,61.05,0.0,2.219,0.815,1.166
robot3-sidecar,0,4.69,60.2,0.0,1.148,0.015,0.018
robot3-sidecar,1,9.13,60.12,0.0,1.156,0.017,0.021
robot3-sidecar,2,9.17,60.16,0.0,1.156,0.018,0.023
robot3-sidecar,3,8.81,60.17,0.0,1.164,0.02,0.026
robot3-sidecar,4,8.73,60.15,0.0,1.164,0.021,0.028
robot3-sidecar,5,9.27,60.32,0.0,1.172,0.023,0.031
robot3-sidecar,7,5.38,60.3,0.0,1.18,0.027,0.037
robot3-sidecar,8,8.11,60.32,0.0,1.18,0.029,0.039
robot3-sidecar,9,9.32,60.34,0.0,1.188,0.031,0.042
robot3-sidecar,10,9.13,60.23,0.0,1.188,0.032,0.044
robot3-sidecar,11,9.24,60.33,0.0,1.195,0.034,0.047
robot3-sidecar,12,8.9,60.26,0.0,1.195,0.036,0.05
robot3-sidecar,13,9.96,60.25,0.0,1.203,0.037,0.053
robot3-sidecar,14,13.52,60.44,0.0,1.203,0.044,0.062
robot3-sidecar,15,13.13,60.48,0.0,1.211,0.053,0.074
robot3-sidecar,16,10.54,60.46,0.0,1.211,0.058,0.083
robot3-sidecar,17,14.98,60.59,0.0,1.219,0.067,0.096
robot3-sidecar,18,11.04,60.84,0.0,1.219,0.073,0.104
robot3-sidecar,19,16.3,60.57,0.0,1.234,0.082,0.117
robot3-sidecar,20,8.64,60.67,0.0,1.234,0.084,0.12
robot3-sidecar,21,11.19,60.55,0.0,1.242,0.087,0.125
robot3-sidecar,22,8.95,60.66,0.0,1.242,0.089,0.127
robot3-sidecar,23,11.01,60.58,0.0,1.25,0.093,0.133
robot3-sidecar,24,8.14,60.58,0.0,1.25,0.095,0.136
robot3-sidecar,25,8.54,60.7,0.0,1.258,0.097,0.139
robot3-sidecar,26,8.18,60.69,0.0,1.258,0.098,0.141
robot3-sidecar,27,8.84,60.83,0.0,1.266,0.1,0.144
robot3-sidecar,28,8.4,60.59,0.0,1.266,0.102,0.146
robot3-sidecar,29,8.35,60.78,0.0,1.273,0.104,0.149
robot3-sidecar,30,12.57,60.78,0.0,1.273,0.112,0.161
robot3-sidecar,31,13.9,60.64,0.0,1.281,0.12,0.172
robot3-sidecar,32,13.23,60.66,0.0,1.281,0.126,0.182
robot3-sidecar,33,22.32,60.81,0.0,1.297,0.145,0.208
robot3-sidecar,34,12.92,60.8,0.0,1.297,0.152,0.217
robot3-sidecar,35,12.03,60.88,0.0,1.312,0.157,0.226
robot3-sidecar,36,8.54,60.79,0.0,1.312,0.159,0.229
robot3-sidecar,37,10.79,60.89,0.0,1.32,0.162,0.232
robot3-sidecar,38,9.49,61.05,0.0,1.32,0.164,0.234
robot3-sidecar,39,9.03,60.89,0.0,1.328,0.166,0.237
robot3-sidecar,40,8.19,60.82,0.0,1.328,0.168,0.239
robot3-sidecar,41,8.46,60.77,0.0,1.336,0.171,0.242
robot3-sidecar,42,9.44,60.81,0.0,1.336,0.173,0.244
robot3-sidecar,43,8.86,60.79,0.0,1.344,0.175,0.247
robot3-sidecar,44,9.25,60.94,0.0,1.344,0.177,0.25
robot3-sidecar,46,12.73,60.95,0.0,1.352,0.183,0.259
robot3-sidecar,47,10.66,60.84,0.0,1.352,0.188,0.267
robot3-sidecar,48,15.22,61.12,0.0,1.359,0.197,0.279
robot3-sidecar,49,14.13,60.85,0.0,1.359,0.203,0.289
robot3-sidecar,50,23.41,60.9,0.0,1.375,0.223,0.315
robot3-sidecar,51,10.76,61.12,0.0,1.375,0.228,0.324
robot3-sidecar,52,12.05,60.84,0.0,1.391,0.234,0.332
robot3-sidecar,53,8.51,60.87,0.0,1.391,0.236,0.335
robot3-sidecar,54,7.97,60.85,0.0,1.398,0.238,0.338
robot3-sidecar,55,10.37,61.11,0.0,1.398,0.239,0.34
robot3-sidecar,56,10.01,60.87,0.0,1.406,0.241,0.343
robot3-sidecar,57,8.35,60.98,0.0,1.406,0.243,0.346
robot3-sidecar,58,9.02,61.0,0.0,1.414,0.245,0.349
robot3-sidecar,59,8.99,61.09,0.0,1.414,0.246,0.351
robot3-sidecar,60,9.04,60.91,0.0,1.422,0.248,0.354
robot3-sidecar,61,9.03,60.98,0.0,1.422,0.25,0.356
robot3-sidecar,62,14.17,61.02,0.0,1.43,0.257,0.367
robot3-sidecar,63,10.84,61.02,0.0,1.43,0.262,0.375
robot3-sidecar,64,14.65,60.92,0.0,1.438,0.271,0.388
robot3-sidecar,65,15.25,60.93,0.0,1.438,0.277,0.397
robot3-sidecar,66,20.74,60.95,0.0,1.445,0.291,0.417
robot3-sidecar,67,13.48,60.91,0.0,1.445,0.298,0.427
robot3-sidecar,68,14.0,61.05,0.0,1.461,0.303,0.434
robot3-sidecar,69,7.63,60.91,0.0,1.461,0.304,0.437
robot3-sidecar,70,9.11,60.89,0.0,1.469,0.306,0.44
robot3-sidecar,71,7.99,61.03,0.0,1.469,0.308,0.442
robot3-sidecar,72,8.9,61.0,0.0,1.477,0.31,0.445
robot3-sidecar,73,8.39,60.9,0.0,1.477,0.311,0.447
robot3-sidecar,74,7.76,61.21,0.0,1.484,0.313,0.45
robot3-sidecar,75,9.1,60.9,0.0,1.484,0.315,0.453
robot3-sidecar,76,9.78,60.89,0.0,1.492,0.317,0.456
robot3-sidecar,77,14.64,61.22,0.0,1.5,0.324,0.466
robot3-sidecar,78,13.4,61.09,0.0,1.508,0.331,0.476
robot3-sidecar,79,13.03,61.07,0.0,1.516,0.338,0.486
robot3-sidecar,80,13.97,60.97,0.0,1.516,0.346,0.498
robot3-sidecar,81,11.31,61.06,0.0,1.516,0.352,0.508
robot3-sidecar,82,17.08,60.93,0.0,1.531,0.362,0.522
robot3-sidecar,83,9.71,61.05,0.0,1.539,0.364,0.525
robot3-sidecar,84,9.47,60.95,0.0,1.539,0.366,0.527
robot3-sidecar,85,8.35,61.07,0.0,1.547,0.368,0.53
robot3-sidecar,86,8.3,60.94,0.0,1.547,0.369,0.533
robot3-sidecar,87,10.36,61.2,0.0,1.555,0.371,0.536
robot3-sidecar,88,7.87,61.07,0.0,1.555,0.373,0.538
robot3-sidecar,89,9.21,61.27,0.0,1.562,0.375,0.541
robot3-sidecar,90,9.27,61.09,0.0,1.562,0.376,0.543
robot3-sidecar,91,9.02,60.98,0.0,1.57,0.378,0.546
robot3-sidecar,92,8.72,61.06,0.0,1.57,0.38,0.548
robot3-sidecar,93,15.66,60.99,0.0,1.594,0.389,0.561
robot3-sidecar,94,13.21,61.02,0.0,1.594,0.396,0.571
robot3-sidecar,95,14.72,61.01,0.0,1.602,0.405,0.584
robot3-sidecar,96,10.81,60.99,0.0,1.602,0.41,0.592
robot3-sidecar,97,20.0,60.98,0.0,1.625,0.426,0.614
robot3-sidecar,98,13.42,61.21,0.0,1.625,0.431,0.62
robot3-sidecar,99,8.69,60.99,0.0,1.633,0.434,0.623
robot3-sidecar,100,8.01,60.99,0.0,1.633,0.436,0.625
robot3-sidecar,101,8.49,60.97,0.0,1.641,0.439,0.628
robot3-sidecar,102,8.47,61.11,0.0,1.641,0.441,0.631
robot3-sidecar,103,9.47,60.98,0.0,1.648,0.443,0.634
robot3-sidecar,104,8.3,61.14,0.0,1.648,0.445,0.636
robot3-sidecar,105,8.43,61.0,0.0,1.656,0.447,0.639
robot3-sidecar,106,7.69,60.98,0.0,1.656,0.449,0.642
robot3-sidecar,107,8.9,61.28,0.0,1.664,0.451,0.645
robot3-sidecar,108,10.56,61.0,0.0,1.664,0.452,0.647
robot3-sidecar,109,16.1,61.16,0.0,1.688,0.463,0.662
robot3-sidecar,110,10.78,61.04,0.0,1.688,0.47,0.672
robot3-sidecar,111,16.62,61.06,0.0,1.695,0.483,0.69
robot3-sidecar,112,11.09,61.05,0.0,1.695,0.488,0.699
robot3-sidecar,113,14.83,60.99,0.0,1.719,0.497,0.712
robot3-sidecar,114,8.59,61.25,0.0,1.719,0.499,0.714
robot3-sidecar,115,8.05,60.99,0.0,1.727,0.501,0.717
robot3-sidecar,116,8.97,61.12,0.0,1.727,0.502,0.72
robot3-sidecar,117,9.95,61.14,0.0,1.734,0.504,0.723
robot3-sidecar,118,8.7,60.99,0.0,1.734,0.506,0.725
robot3-sidecar,119,10.38,61.22,0.0,1.742,0.508,0.728
robot3-sidecar,120,8.53,61.21,0.0,1.742,0.51,0.731
robot3-sidecar,121,9.48,61.13,0.0,1.75,0.511,0.734
robot3-sidecar,122,8.03,60.99,0.0,1.75,0.513,0.736
robot3-sidecar,123,8.98,61.01,0.0,1.758,0.515,0.738
robot3-sidecar,124,11.8,61.05,0.0,1.766,0.52,0.745
robot3-sidecar,125,14.57,61.05,0.0,1.781,0.529,0.759
robot3-sidecar,126,11.79,61.19,0.0,1.781,0.535,0.767
robot3-sidecar,127,25.23,61.06,0.0,1.805,0.552,0.791
robot3-sidecar,128,13.36,61.07,0.0,1.805,0.559,0.801
robot3-sidecar,129,20.18,61.19,0.0,1.844,0.572,0.818
robot3-sidecar,130,7.92,61.16,0.0,1.844,0.573,0.82
robot3-sidecar,131,11.09,61.04,0.0,1.852,0.575,0.823
robot3-sidecar,132,8.69,61.05,0.0,1.852,0.577,0.826
robot3-sidecar,133,10.57,61.17,0.0,1.859,0.579,0.829
robot3-sidecar,134,9.03,61.04,0.0,1.859,0.581,0.831
robot3-sidecar,135,8.39,61.05,0.0,1.867,0.583,0.834
robot3-sidecar,137,11.38,61.11,0.0,1.867,0.584,0.837
robot3-sidecar,138,9.59,61.03,0.0,1.875,0.586,0.84
robot3-sidecar,139,10.36,61.14,0.0,1.875,0.588,0.842
robot3-sidecar,140,9.5,61.1,0.0,1.883,0.59,0.845
robot3-sidecar,141,12.75,61.21,0.0,1.898,0.596,0.853
robot3-sidecar,142,15.11,61.14,0.0,1.906,0.604,0.865
robot3-sidecar,143,12.46,61.06,0.0,1.906,0.611,0.875
robot3-sidecar,144,24.66,61.1,0.0,1.93,0.63,0.902
robot3-sidecar,145,11.15,61.09,0.0,1.93,0.636,0.91
robot3-sidecar,146,14.18,61.04,0.0,1.953,0.641,0.917
robot3-sidecar,147,8.04,61.29,0.0,1.953,0.642,0.92
robot3-sidecar,148,9.17,61.15,0.0,1.961,0.644,0.923
robot3-sidecar,149,9.05,61.1,0.0,1.961,0.646,0.925
robot3-sidecar,150,8.56,61.06,0.0,1.969,0.648,0.928
robot3-sidecar,151,9.24,61.17,0.0,1.969,0.649,0.931
robot3-sidecar,152,9.06,61.06,0.0,1.977,0.651,0.934
robot3-sidecar,153,8.06,61.04,0.0,1.977,0.653,0.936
robot3-sidecar,154,9.68,61.22,0.0,1.984,0.655,0.939
robot3-sidecar,156,5.5,61.05,0.0,1.992,0.658,0.944
robot3-sidecar,157,16.19,61.09,0.0,2.008,0.665,0.953
robot3-sidecar,158,14.6,61.1,0.0,2.016,0.674,0.966
robot3-sidecar,159,11.43,61.08,0.0,2.016,0.682,0.976
robot3-sidecar,160,25.44,61.29,0.0,2.039,0.702,1.003
robot3-sidecar,161,11.93,61.19,0.0,2.047,0.708,1.011
robot3-sidecar,162,14.63,61.15,0.0,2.062,0.714,1.019
robot3-sidecar,163,8.74,61.18,0.0,2.062,0.716,1.021
robot3-sidecar,164,9.8,61.15,0.0,2.07,0.718,1.024
robot3-sidecar,165,9.95,61.08,0.0,2.07,0.719,1.026
robot3-sidecar,166,8.87,61.05,0.0,2.078,0.721,1.029
robot3-sidecar,167,9.46,61.18,0.0,2.086,0.723,1.032
robot3-sidecar,168,7.68,61.04,0.0,2.086,0.725,1.035
robot3-sidecar,169,10.12,61.29,0.0,2.094,0.727,1.038
robot3-sidecar,170,9.0,61.18,0.0,2.094,0.728,1.04
robot3-sidecar,171,9.61,61.18,0.0,2.102,0.73,1.043
robot3-sidecar,172,9.16,61.07,0.0,2.102,0.732,1.046
robot3-sidecar,173,14.82,61.11,0.0,2.125,0.739,1.056
robot3-sidecar,174,16.72,61.08,0.0,2.125,0.749,1.069
robot3-sidecar,175,12.58,61.1,0.0,2.125,0.755,1.079
robot3-sidecar,176,26.07,61.13,0.0,2.133,0.768,1.097
robot3-sidecar,177,14.22,61.07,0.0,2.156,0.776,1.109
robot3-sidecar,178,10.53,61.19,0.0,2.156,0.777,1.111
robot3-sidecar,179,7.26,60.98,0.0,2.164,0.78,1.114
robot3-sidecar,180,4.71,60.98,0.0,2.164,0.781,1.117
robot3-sidecar,181,5.43,60.98,0.0,2.172,0.783,1.12
robot3-sidecar,182,6.0,61.0,0.0,2.188,0.785,1.123
robot3-sidecar,183,5.05,61.0,0.0,2.195,0.787,1.126
robot3-sidecar,184,4.99,61.12,0.0,2.195,0.788,1.128
robot3-sidecar,185,4.68,61.13,0.0,2.203,0.79,1.131
robot4-sidecar,0,4.63,60.14,0.0,1.148,0.014,0.017
robot4-sidecar,1,9.02,60.15,0.0,1.156,0.016,0.02
robot4-sidecar,2,8.92,60.18,0.0,1.156,0.018,0.022
robot4-sidecar,3,9.47,60.17,0.0,1.164,0.019,0.025
robot4-sidecar,4,7.7,60.2,0.0,1.164,0.021,0.027
robot4-sidecar,5,9.16,60.2,0.0,1.172,0.023,0.03
robot4-sidecar,6,8.21,60.43,0.0,1.172,0.024,0.032
robot4-sidecar,7,9.22,60.2,0.0,1.18,0.026,0.035
robot4-sidecar,8,8.25,60.39,0.0,1.18,0.028,0.038
robot4-sidecar,9,10.31,60.25,0.0,1.188,0.03,0.041
robot4-sidecar,10,8.4,60.25,0.0,1.188,0.032,0.043
robot4-sidecar,11,9.67,60.24,0.0,1.195,0.033,0.046
robot4-sidecar,12,8.99,60.41,0.0,1.195,0.035,0.049
robot4-sidecar,13,9.69,60.29,0.0,1.203,0.037,0.052
robot4-sidecar,14,12.77,60.48,0.0,1.203,0.044,0.061
robot4-sidecar,15,14.33,60.59,0.0,1.211,0.052,0.074
robot4-sidecar,16,12.25,60.59,0.0,1.211,0.058,0.083
robot4-sidecar,17,15.97,60.64,0.0,1.219,0.067,0.095
robot4-sidecar,18,11.04,60.62,0.0,1.219,0.072,0.104
robot4-sidecar,19,14.62,60.75,0.0,1.227,0.081,0.117
robot4-sidecar,20,11.71,60.63,0.0,1.227,0.088,0.127
robot4-sidecar,21,13.84,60.61,0.0,1.234,0.097,0.14
robot4-sidecar,22,11.13,60.63,0.0,1.234,0.102,0.148
robot4-sidecar,23,13.65,60.65,0.0,1.242,0.111,0.161
robot4-sidecar,24,13.16,60.63,0.0,1.242,0.118,0.171
robot4-sidecar,25,11.75,60.7,0.0,1.258,0.124,0.18
robot4-sidecar,26,9.24,60.72,0.0,1.258,0.125,0.182
robot4-sidecar,27,9.15,60.64,0.0,1.266,0.127,0.185
robot4-sidecar,28,8.55,60.72,0.0,1.266,0.129,0.188
robot4-sidecar,29,8.9,60.62,0.0,1.273,0.131,0.191
robot4-sidecar,30,13.58,60.79,0.0,1.273,0.139,0.202
robot4-sidecar,31,14.42,60.8,0.0,1.281,0.147,0.214
robot4-sidecar,32,12.97,60.92,0.0,1.281,0.153,0.224
robot4-sidecar,33,25.49,60.86,0.0,1.305,0.178,0.255
robot4-sidecar,34,12.76,60.87,0.0,1.305,0.184,0.265
robot4-sidecar,35,13.86,60.85,0.0,1.32,0.19,0.275
robot4-sidecar,36,8.37,60.98,0.0,1.32,0.192,0.277
robot4-sidecar,37,9.56,60.97,0.0,1.328,0.195,0.28
robot4-sidecar,38,10.26,61.0,0.0,1.328,0.197,0.283
robot4-sidecar,39,9.52,60.97,0.0,1.336,0.199,0.286
robot4-sidecar,40,7.35,60.98,0.0,1.336,0.202,0.288
robot4-sidecar,41,7.81,61.15,0.0,1.344,0.204,0.291
robot4-sidecar,42,9.82,60.97,0.0,1.344,0.206,0.293
robot4-sidecar,43,9.16,60.97,0.0,1.352,0.208,0.296
robot4-sidecar,44,9.19,60.88,0.0,1.352,0.21,0.298
robot4-sidecar,45,11.02,60.91,0.0,1.367,0.216,0.306
robot4-sidecar,47,11.07,61.03,0.0,1.367,0.22,0.314
robot4-sidecar,48,14.28,60.93,0.0,1.375,0.229,0.326
robot4-sidecar,49,11.72,60.9,0.0,1.375,0.235,0.336
robot4-sidecar,50,21.68,60.91,0.0,1.391,0.255,0.363
robot4-sidecar,51,11.26,61.05,0.0,1.391,0.261,0.372
robot4-sidecar,52,11.07,60.89,0.0,1.406,0.266,0.38
robot4-sidecar,53,9.64,60.89,0.0,1.406,0.268,0.382
robot4-sidecar,54,9.73,60.97,0.0,1.414,0.27,0.385
robot4-sidecar,55,9.53,61.02,0.0,1.414,0.271,0.387
robot4-sidecar,56,8.59,60.91,0.0,1.422,0.273,0.391
robot4-sidecar,57,9.11,60.93,0.0,1.422,0.275,0.393
robot4-sidecar,58,8.98,60.91,0.0,1.43,0.277,0.396
robot4-sidecar,59,8.82,61.04,0.0,1.43,0.278,0.398
robot4-sidecar,60,10.5,60.91,0.0,1.438,0.28,0.401
robot4-sidecar,61,9.17,61.15,0.0,1.438,0.282,0.404
robot4-sidecar,62,12.06,61.36,0.0,1.453,0.288,0.413
robot4-sidecar,63,10.52,60.96,0.0,1.453,0.293,0.42
robot4-sidecar,64,15.07,61.33,0.0,1.461,0.302,0.433
robot4-sidecar,65,14.5,61.33,0.0,1.461,0.308,0.443
robot4-sidecar,66,27.48,60.98,0.0,1.477,0.327,0.469
robot4-sidecar,67,12.4,61.0,0.0,1.477,0.333,0.478
robot4-sidecar,68,11.13,60.97,0.0,1.492,0.337,0.484
robot4-sidecar,69,8.75,60.94,0.0,1.492,0.339,0.487
robot4-sidecar,70,9.59,61.09,0.0,1.5,0.341,0.49
robot4-sidecar,71,8.8,60.94,0.0,1.5,0.342,0.492
robot4-sidecar,72,9.19,61.23,0.0,1.508,0.344,0.495
robot4-sidecar,73,9.06,60.96,0.0,1.516,0.346,0.497
robot4-sidecar,74,9.38,60.95,0.0,1.516,0.348,0.5
robot4-sidecar,75,8.24,60.95,0.0,1.523,0.349,0.503
robot4-sidecar,76,8.97,61.22,0.0,1.523,0.351,0.506
robot4-sidecar,77,9.79,60.95,0.0,1.531,0.353,0.508
robot4-sidecar,78,14.92,61.0,0.0,1.539,0.361,0.519
robot4-sidecar,79,12.62,61.11,0.0,1.539,0.366,0.528
robot4-sidecar,80,19.12,61.2,0.0,1.562,0.382,0.549
robot4-sidecar,81,13.19,61.0,0.0,1.562,0.39,0.56
robot4-sidecar,82,20.68,61.02,0.0,1.586,0.405,0.581
robot4-sidecar,83,12.4,61.02,0.0,1.594,0.411,0.591
robot4-sidecar,84,10.14,60.99,0.0,1.609,0.415,0.597
robot4-sidecar,85,8.99,61.01,0.0,1.617,0.417,0.599
robot4-sidecar,86,9.12,60.99,0.0,1.617,0.419,0.602
robot4-sidecar,87,8.8,61.12,0.0,1.625,0.421,0.605
robot4-sidecar,88,8.49,61.11,0.0,1.625,0.423,0.607
robot4-sidecar,89,10.06,61.14,0.0,1.633,0.424,0.61
robot4-sidecar,90,8.42,61.02,0.0,1.633,0.426,0.613
robot4-sidecar,91,9.1,61.01,0.0,1.641,0.428,0.616
robot4-sidecar,92,9.14,61.0,0.0,1.641,0.43,0.618
robot4-sidecar,93,9.86,61.0,0.0,1.648,0.432,0.621
robot4-sidecar,94,13.01,61.05,0.0,1.656,0.44,0.633
robot4-sidecar,96,8.5,61.05,0.0,1.664,0.456,0.657
robot4-sidecar,97,17.07,61.15,0.0,1.664,0.468,0.673
robot4-sidecar,98,17.21,61.04,0.0,1.688,0.48,0.689
robot4-sidecar,99,12.38,61.03,0.0,1.711,0.488,0.7
robot4-sidecar,100,7.93,61.02,0.0,1.711,0.49,0.702
robot4-sidecar,101,8.5,61.04,0.0,1.719,0.493,0.705
robot4-sidecar,102,7.94,61.05,0.0,1.719,0.495,0.707
robot4-sidecar,103,8.44,61.14,0.0,1.727,0.497,0.71
robot4-sidecar,104,8.41,61.02,0.0,1.727,0.499,0.713
robot4-sidecar,105,9.4,61.16,0.0,1.734,0.501,0.716
robot4-sidecar,106,8.69,61.03,0.0,1.734,0.502,0.718
robot4-sidecar,107,8.1,61.02,0.0,1.742,0.504,0.721
robot4-sidecar,108,10.74,61.25,0.0,1.742,0.506,0.724
robot4-sidecar,109,12.4,61.34,0.0,1.758,0.512,0.732
robot4-sidecar,110,10.29,61.07,0.0,1.758,0.517,0.74
robot4-sidecar,111,21.66,61.12,0.0,1.781,0.537,0.766
robot4-sidecar,112,12.16,61.34,0.0,1.781,0.543,0.776
robot4-sidecar,113,14.08,61.09,0.0,1.789,0.552,0.789
robot4-sidecar,114,12.39,61.25,0.0,1.789,0.559,0.799
robot4-sidecar,115,12.36,61.07,0.0,1.812,0.564,0.807
robot4-sidecar,116,9.66,61.34,0.0,1.812,0.566,0.81
robot4-sidecar,117,10.05,61.18,0.0,1.82,0.568,0.813
robot4-sidecar,118,8.81,61.05,0.0,1.82,0.57,0.815
robot4-sidecar,119,8.9,61.07,0.0,1.828,0.572,0.818
robot4-sidecar,120,8.62,61.18,0.0,1.828,0.573,0.821
robot4-sidecar,121,10.44,61.18,0.0,1.836,0.575,0.824
robot4-sidecar,122,8.54,61.19,0.0,1.836,0.577,0.826
robot4-sidecar,123,9.27,61.28,0.0,1.844,0.579,0.829
robot4-sidecar,124,8.61,61.07,0.0,1.844,0.58,0.831
robot4-sidecar,125,14.57,61.1,0.0,1.859,0.588,0.842
robot4-sidecar,126,10.97,61.12,0.0,1.859,0.593,0.849
robot4-sidecar,127,24.81,61.13,0.0,1.883,0.611,0.875
robot4-sidecar,128,12.79,61.27,0.0,1.883,0.617,0.884
robot4-sidecar,129,13.7,61.21,0.0,1.891,0.626,0.897
robot4-sidecar,130,11.42,61.39,0.0,1.891,0.633,0.907
robot4-sidecar,131,12.09,61.23,0.0,1.914,0.639,0.916
robot4-sidecar,132,9.0,61.08,0.0,1.914,0.64,0.918
robot4-sidecar,133,10.83,61.09,0.0,1.922,0.643,0.921
robot4-sidecar,134,9.61,61.09,0.0,1.922,0.644,0.924
robot4-sidecar,135,9.14,61.13,0.0,1.93,0.646,0.927
robot4-sidecar,137,10.8,61.11,0.0,1.93,0.648,0.929
robot4-sidecar,138,9.2,61.21,0.0,1.938,0.65,0.932
robot4-sidecar,139,10.89,61.22,0.0,1.938,0.651,0.935
robot4-sidecar,140,9.25,61.11,0.0,1.945,0.653,0.938
robot4-sidecar,141,8.15,61.13,0.0,1.945,0.655,0.94
robot4-sidecar,142,17.14,61.14,0.0,1.961,0.667,0.956
robot4-sidecar,143,13.38,61.39,0.0,1.961,0.673,0.966
robot4-sidecar,144,22.78,61.14,0.0,1.992,0.692,0.991
robot4-sidecar,145,13.08,61.14,0.0,1.992,0.698,1.001
robot4-sidecar,146,12.36,61.16,0.0,2.023,0.703,1.008
robot4-sidecar,147,7.93,61.34,0.0,2.023,0.705,1.011
robot4-sidecar,148,9.4,61.23,0.0,2.031,0.707,1.014
robot4-sidecar,149,8.92,61.13,0.0,2.031,0.708,1.016
robot4-sidecar,150,9.57,61.13,0.0,2.039,0.71,1.019
robot4-sidecar,151,9.92,61.12,0.0,2.039,0.712,1.022
robot4-sidecar,152,8.75,61.21,0.0,2.047,0.714,1.024
robot4-sidecar,153,8.63,61.23,0.0,2.047,0.715,1.027
robot4-sidecar,154,9.15,61.24,0.0,2.055,0.717,1.03
robot4-sidecar,155,9.28,61.14,0.0,2.055,0.719,1.032
robot4-sidecar,156,8.83,61.14,0.0,2.062,0.721,1.035
robot4-sidecar,157,11.46,61.29,0.0,2.07,0.726,1.042
robot4-sidecar,158,19.65,61.15,0.0,2.078,0.736,1.055
robot4-sidecar,159,12.9,61.25,0.0,2.078,0.743,1.065
robot4-sidecar,160,22.73,61.17,0.0,2.109,0.762,1.09
robot4-sidecar,161,12.04,61.15,0.0,2.109,0.769,1.1
robot4-sidecar,162,12.33,61.13,0.0,2.141,0.775,1.108
robot4-sidecar,163,9.26,61.13,0.0,2.141,0.777,1.11
robot4-sidecar,164,9.66,61.38,0.0,2.148,0.779,1.113
robot4-sidecar,165,9.68,61.14,0.0,2.148,0.781,1.115
robot4-sidecar,166,8.87,61.14,0.0,2.156,0.783,1.118
robot4-sidecar,167,9.03,61.13,0.0,2.164,0.785,1.121
robot4-sidecar,168,9.1,61.11,0.0,2.164,0.786,1.124
robot4-sidecar,169,9.19,61.13,0.0,2.172,0.788,1.127
robot4-sidecar,170,9.43,61.13,0.0,2.172,0.79,1.129
robot4-sidecar,171,8.39,61.14,0.0,2.18,0.792,1.132
robot4-sidecar,172,9.06,61.14,0.0,2.18,0.793,1.135
robot4-sidecar,173,15.96,61.18,0.0,2.195,0.803,1.148
robot4-sidecar,174,11.89,61.29,0.0,2.195,0.809,1.156
robot4-sidecar,175,12.12,61.29,0.0,2.195,0.815,1.166
robot4-sidecar,176,29.69,61.15,0.0,2.25,0.838,1.196
robot4-sidecar,177,14.6,61.24,0.0,2.281,0.846,1.208
robot4-sidecar,178,7.81,61.17,0.0,2.281,0.848,1.211
robot4-sidecar,180,0.99,61.04,0.0,2.289,0.851,1.216
robot4-sidecar,181,6.75,61.04,0.0,2.297,0.853,1.219
robot4-sidecar,182,4.84,61.2,0.0,2.32,0.855,1.222
robot4-sidecar,183,5.71,61.07,0.0,2.328,0.857,1.225
robot4-sidecar,184,5.04,61.07,0.0,2.328,0.859,1.227
robot4-sidecar,185,4.58,61.07,0.0,2.336,0.861,1.23
robot4-sidecar,186,4.63,61.2,0.0,2.336,0.862,1.233
secaas,0,3.66,55.93,0.0,0.867,0.006,0.007
secaas,1,4.24,56.07,0.0,0.867,0.008,0.01
secaas,2,5.08,55.95,0.0,0.875,0.01,0.013
secaas,3,4.05,55.95,0.0,0.875,0.012,0.015
secaas,4,5.14,55.95,0.0,0.883,0.013,0.018
secaas,5,5.38,55.95,0.0,0.883,0.015,0.02
secaas,6,5.66,55.95,0.0,0.891,0.017,0.023
secaas,7,4.8,55.95,0.0,0.891,0.018,0.025
secaas,8,5.33,55.95,0.0,0.898,0.02,0.028
secaas,9,4.94,55.96,0.0,0.898,0.022,0.031
secaas,10,4.59,55.96,0.0,0.906,0.024,0.034
secaas,11,5.02,55.96,0.0,0.906,0.025,0.036
secaas,12,4.42,56.09,0.0,0.914,0.027,0.039
secaas,13,4.27,55.96,0.0,0.914,0.029,0.041
secaas,14,5.28,55.96,0.0,0.922,0.031,0.044
secaas,15,6.1,55.96,0.0,0.922,0.032,0.046
secaas,16,12.4,56.38,0.0,0.93,0.045,0.062
secaas,17,9.26,56.28,0.0,0.93,0.05,0.071
secaas,18,16.05,56.32,0.0,0.953,0.066,0.092
secaas,19,6.98,56.44,0.0,0.953,0.071,0.1
secaas,20,14.99,56.33,0.0,0.977,0.088,0.121
secaas,21,7.07,56.33,0.0,0.977,0.093,0.129
secaas,22,15.27,56.37,0.0,1.0,0.109,0.151
secaas,23,6.54,56.36,0.0,1.0,0.114,0.158
secaas,24,10.9,56.39,0.0,1.039,0.123,0.17
secaas,25,4.68,56.51,0.0,1.039,0.125,0.172
secaas,26,5.04,56.38,0.0,1.047,0.127,0.176
secaas,27,4.34,56.39,0.0,1.047,0.128,0.178
secaas,28,6.03,56.38,0.0,1.055,0.13,0.181
secaas,29,4.3,56.39,0.0,1.055,0.132,0.183
secaas,30,4.52,56.51,0.0,1.062,0.134,0.186
secaas,31,5.4,56.38,0.0,1.062,0.135,0.189
secaas,32,22.15,56.44,0.0,1.117,0.163,0.224
secaas,33,9.27,56.57,0.0,1.133,0.17,0.233
secaas,34,4.88,56.56,0.0,1.141,0.172,0.236
secaas,35,5.55,56.44,0.0,1.141,0.174,0.238
secaas,36,5.43,56.43,0.0,1.148,0.176,0.241
secaas,37,5.64,56.43,0.0,1.148,0.177,0.243
secaas,38,5.11,56.43,0.0,1.156,0.18,0.246
secaas,39,5.67,56.43,0.0,1.156,0.182,0.249
secaas,40,5.33,56.46,0.0,1.164,0.185,0.252
secaas,41,5.21,56.45,0.0,1.164,0.187,0.254
secaas,42,5.39,56.44,0.0,1.172,0.189,0.257
secaas,43,6.16,56.44,0.0,1.172,0.191,0.26
secaas,44,5.3,56.44,0.0,1.18,0.194,0.263
secaas,46,5.13,56.57,0.0,1.18,0.195,0.265
secaas,47,5.3,56.44,0.0,1.188,0.197,0.268
secaas,48,5.6,56.44,0.0,1.188,0.199,0.27
secaas,49,27.59,56.48,0.0,1.273,0.232,0.312
secaas,50,5.04,56.48,0.0,1.273,0.233,0.315
secaas,51,4.89,56.48,0.0,1.281,0.235,0.318
secaas,52,4.64,56.48,0.0,1.281,0.237,0.32
secaas,53,4.83,56.49,0.0,1.289,0.239,0.323
secaas,54,4.6,56.48,0.0,1.289,0.241,0.325
secaas,55,4.87,56.48,0.0,1.297,0.243,0.329
secaas,56,5.94,56.49,0.0,1.297,0.244,0.331
secaas,57,5.77,56.61,0.0,1.305,0.246,0.334
secaas,58,5.71,56.49,0.0,1.305,0.248,0.336
secaas,59,5.44,56.48,0.0,1.312,0.25,0.339
secaas,60,4.86,56.49,0.0,1.312,0.251,0.342
secaas,61,5.0,56.48,0.0,1.32,0.253,0.345
secaas,62,4.69,56.49,0.0,1.32,0.255,0.347
secaas,64,1.06,56.48,0.0,1.328,0.258,0.352
secaas,65,29.44,56.52,0.0,1.43,0.291,0.394
secaas,66,6.05,56.52,0.0,1.43,0.293,0.396
secaas,67,5.63,56.64,0.0,1.438,0.295,0.399
secaas,68,5.24,56.52,0.0,1.438,0.297,0.402
secaas,69,5.4,56.52,0.0,1.445,0.298,0.405
secaas,70,4.45,56.52,0.0,1.445,0.3,0.407
secaas,71,5.1,56.52,0.0,1.453,0.302,0.41
secaas,72,4.74,56.53,0.0,1.453,0.304,0.413
secaas,73,4.59,56.52,0.0,1.461,0.306,0.416
secaas,74,4.7,56.52,0.0,1.461,0.307,0.418
secaas,75,6.0,56.64,0.0,1.469,0.309,0.421
secaas,76,4.63,56.52,0.0,1.469,0.311,0.423
secaas,77,4.73,56.52,0.0,1.477,0.313,0.426
secaas,78,6.98,56.66,0.0,1.484,0.318,0.434
secaas,79,9.35,56.54,0.0,1.508,0.324,0.442
secaas,80,5.01,56.54,0.0,1.516,0.327,0.446
secaas,81,21.28,56.56,0.0,1.609,0.351,0.476
secaas,82,4.91,56.55,0.0,1.617,0.353,0.478
secaas,83,4.61,56.55,0.0,1.617,0.355,0.481
secaas,84,4.93,56.55,0.0,1.617,0.356,0.484
secaas,85,5.46,56.55,0.0,1.625,0.358,0.487
secaas,86,4.45,56.55,0.0,1.633,0.36,0.49
secaas,87,4.97,56.69,0.0,1.633,0.362,0.492
secaas,88,5.39,56.55,0.0,1.641,0.364,0.495
secaas,89,4.23,56.55,0.0,1.641,0.365,0.497
secaas,90,4.89,56.56,0.0,1.648,0.367,0.5
secaas,91,5.74,56.55,0.0,1.648,0.369,0.503
secaas,92,5.38,56.55,0.0,1.656,0.371,0.506
secaas,93,4.87,56.55,0.0,1.656,0.372,0.508
secaas,94,7.23,56.68,0.0,1.695,0.377,0.514
secaas,95,9.49,56.55,0.0,1.695,0.384,0.524
secaas,96,18.1,56.7,0.0,1.766,0.403,0.549
secaas,97,9.47,56.7,0.0,1.797,0.411,0.558
secaas,98,5.67,56.57,0.0,1.805,0.413,0.561
secaas,99,5.09,56.57,0.0,1.805,0.415,0.563
secaas,100,4.88,56.57,0.0,1.812,0.418,0.566
secaas,101,4.63,56.57,0.0,1.812,0.42,0.569
secaas,102,5.45,56.57,0.0,1.82,0.423,0.572
secaas,103,5.2,56.57,0.0,1.82,0.425,0.574
secaas,104,4.76,56.57,0.0,1.828,0.427,0.577
secaas,105,5.22,56.69,0.0,1.828,0.429,0.58
secaas,106,5.62,56.57,0.0,1.836,0.431,0.583
secaas,107,4.32,56.57,0.0,1.836,0.432,0.585
secaas,108,5.42,56.57,0.0,1.844,0.434,0.588
secaas,109,6.11,56.57,0.0,1.844,0.436,0.59
secaas,110,20.79,56.69,0.0,1.961,0.461,0.621
secaas,111,6.52,56.58,0.0,1.961,0.463,0.625
secaas,112,10.32,56.58,0.0,2.008,0.473,0.638
secaas,113,5.04,56.58,0.0,2.008,0.474,0.64
secaas,114,4.88,56.58,0.0,2.016,0.476,0.643
secaas,115,4.55,56.58,0.0,2.016,0.478,0.645
secaas,116,5.02,56.59,0.0,2.023,0.48,0.648
secaas,117,5.11,56.59,0.0,2.023,0.481,0.651
secaas,118,5.53,56.58,0.0,2.031,0.483,0.654
secaas,119,4.98,56.59,0.0,2.031,0.485,0.656
secaas,120,7.02,56.58,0.0,2.039,0.487,0.659
secaas,121,4.9,56.58,0.0,2.039,0.489,0.661
secaas,122,6.21,56.58,0.0,2.047,0.491,0.664
secaas,123,4.0,56.59,0.0,2.047,0.492,0.667
secaas,124,5.13,56.58,0.0,2.055,0.494,0.67
secaas,125,5.99,56.71,0.0,2.055,0.496,0.672
secaas,126,21.54,56.58,0.0,2.18,0.521,0.704
secaas,127,4.1,56.7,0.0,2.18,0.523,0.707
secaas,128,12.23,56.59,0.0,2.227,0.533,0.72
secaas,129,5.6,56.58,0.0,2.227,0.534,0.722
secaas,130,5.58,56.58,0.0,2.234,0.536,0.725
secaas,131,4.78,56.71,0.0,2.234,0.538,0.727
secaas,132,4.38,56.71,0.0,2.242,0.54,0.73
secaas,133,4.69,56.59,0.0,2.242,0.541,0.733
secaas,134,5.41,56.58,0.0,2.25,0.543,0.736
secaas,135,5.1,56.59,0.0,2.25,0.545,0.738
secaas,136,6.45,56.71,0.0,2.258,0.547,0.741
secaas,138,5.55,56.59,0.0,2.258,0.548,0.744
secaas,139,6.13,56.58,0.0,2.266,0.55,0.747
secaas,140,5.15,56.58,0.0,2.266,0.552,0.749
secaas,141,5.4,56.58,0.0,2.273,0.554,0.752
secaas,142,5.71,56.71,0.0,2.273,0.555,0.754
secaas,143,25.9,56.61,0.0,2.461,0.589,0.796
secaas,144,5.24,56.61,0.0,2.461,0.59,0.798
secaas,145,5.38,56.6,0.0,2.469,0.592,0.801
secaas,146,5.7,56.73,0.0,2.469,0.594,0.804
secaas,147,4.89,56.6,0.0,2.477,0.596,0.807
secaas,148,5.09,56.6,0.0,2.477,0.597,0.809
secaas,149,4.65,56.61,0.0,2.484,0.599,0.812
secaas,150,4.63,56.6,0.0,2.484,0.601,0.815
secaas,151,4.96,56.61,0.0,2.492,0.603,0.818
secaas,152,5.01,56.73,0.0,2.492,0.605,0.82
secaas,153,5.3,56.61,0.0,2.5,0.606,0.823
secaas,154,5.01,56.61,0.0,2.5,0.608,0.825
secaas,155,5.15,56.61,0.0,2.508,0.61,0.829
secaas,156,5.06,56.6,0.0,2.508,0.612,0.831
secaas,157,5.76,56.73,0.0,2.516,0.614,0.834
secaas,158,5.09,56.61,0.0,2.516,0.615,0.836
secaas,159,27.0,56.62,0.0,2.711,0.649,0.878
secaas,160,5.84,56.61,0.0,2.711,0.651,0.88
secaas,161,5.42,56.61,0.0,2.719,0.654,0.883
secaas,162,4.9,56.61,0.0,2.719,0.656,0.886
secaas,164,1.17,56.61,0.0,2.734,0.661,0.891
secaas,165,4.51,56.61,0.0,2.734,0.663,0.894
secaas,167,1.34,56.61,0.0,2.742,0.666,0.9
secaas,168,5.01,56.61,0.0,2.75,0.668,0.902
secaas,169,6.12,56.61,0.0,2.75,0.67,0.905
secaas,170,5.39,56.61,0.0,2.75,0.671,0.907
secaas,171,4.96,56.73,0.0,2.758,0.673,0.91
secaas,172,4.23,56.61,0.0,2.758,0.675,0.913
secaas,173,5.27,56.61,0.0,2.766,0.677,0.916
secaas,174,6.29,56.61,0.0,2.766,0.679,0.918
secaas,175,26.5,56.63,0.0,2.992,0.712,0.96
secaas,176,4.78,56.74,0.0,3.0,0.714,0.963
secaas,177,5.38,56.62,0.0,3.0,0.716,0.966
secaas,178,4.75,56.62,0.0,3.008,0.717,0.969
secaas,179,4.95,56.75,0.0,3.008,0.719,0.971
secaas,180,6.26,56.59,0.0,3.016,0.721,0.974
secaas,181,5.87,56.73,0.0,3.016,0.723,0.977
secaas,182,6.09,56.59,0.0,3.023,0.725,0.98
secaas,183,6.08,56.9,0.0,3.078,0.727,0.982
